,isFlaky
525,0
1251,0
7788,0
8349,0
8363,0
8570,0
4624,0
11399,0
4837,1
1996,0
7751,0
1380,0
9176,0
5012,0
5444,0
7133,0
9017,0
5812,0
8307,0
10995,0
7295,0
10805,0
7553,0
57,0
8902,0
10403,0
4546,0
3648,0
5738,0
7316,0
656,0
10794,0
10950,0
3117,0
11030,0
7384,0
845,0
2313,0
11903,0
10476,0
8071,0
646,0
9432,0
724,0
6999,0
11279,0
3600,0
7230,0
3853,0
1527,0
7523,0
10113,0
4527,0
6531,0
6990,0
5691,0
7458,0
8059,0
11946,0
8719,0
10392,0
2971,0
11970,0
8060,0
3385,0
2993,0
738,0
96,0
7881,0
1487,0
6412,0
6305,0
7403,0
1097,0
3233,0
1721,0
8336,0
6629,0
5247,0
9002,0
6349,0
4183,0
3172,0
10016,0
10133,0
4767,0
6024,0
7066,0
8942,0
2630,0
9329,0
1071,0
6134,0
6350,0
6376,0
374,0
9669,0
12080,0
8453,0
11858,0
3530,0
11966,0
1436,0
9568,0
5177,0
2087,0
9989,0
145,1
1681,0
4562,0
6309,0
8362,0
479,0
1170,0
11124,1
3181,0
1206,1
11746,0
4422,0
11460,0
8023,0
4049,0
5071,0
8578,0
6253,0
11458,0
10526,0
9571,1
3881,0
6110,0
6090,0
4394,0
4139,0
8549,0
6251,0
10504,0
8736,0
4120,0
79,0
1845,0
4306,0
8773,0
9064,0
97,0
9144,0
4443,0
9547,0
5460,0
11762,0
1461,0
10602,0
10464,0
410,0
1833,0
10614,0
7700,0
1589,0
6665,0
4579,0
7337,0
4434,0
9452,0
11669,0
8959,0
5978,0
5152,0
6160,0
6046,0
5959,0
11488,1
9920,0
3874,0
10242,0
8949,0
11661,0
1154,0
5396,0
302,0
4085,0
6730,0
2920,0
11187,0
10532,0
814,0
297,0
2249,0
6067,0
10434,0
6622,0
11826,0
11557,0
10840,0
1269,0
11539,0
4574,0
1220,1
1014,0
922,0
8477,0
3472,0
5633,0
5153,0
1839,0
1361,0
3212,0
11263,1
8100,0
2170,0
11581,0
9075,0
1666,0
8704,0
7104,0
8237,0
8017,0
10742,0
3934,0
11887,0
11398,0
6059,0
6922,0
107,1
9219,0
9181,0
10236,0
6790,0
2545,0
5955,0
2573,0
8408,0
8272,0
10251,0
5316,0
1700,0
6130,0
364,0
11614,0
2713,0
1470,0
8284,0
3726,0
3773,0
7561,0
7271,0
9778,0
1878,0
9548,0
8595,0
8311,0
10489,0
12121,0
1731,0
32,0
5434,0
3431,0
3167,0
4718,0
8127,0
3161,0
683,0
11064,0
5933,0
6637,0
4714,0
7856,0
7574,0
4689,0
1749,0
205,1
6591,0
7445,0
8984,0
2869,0
9008,0
2130,0
11233,0
11327,0
6078,0
394,0
6057,0
4502,0
9747,0
8414,0
7851,0
854,0
2495,0
12059,0
6628,0
9700,0
10941,0
186,0
10491,0
5623,0
7226,0
7853,0
11301,1
3289,0
4849,0
1594,0
7272,0
12082,0
5104,1
2936,0
8420,0
11623,0
11575,0
4340,0
375,0
5479,0
2200,0
1140,0
8200,0
3027,0
7770,0
8589,0
11714,0
9028,0
9284,0
7952,0
5174,0
293,0
6235,0
11235,1
156,1
7524,1
9371,0
2538,0
2232,0
2010,0
352,0
4349,0
6241,0
83,0
8342,0
2696,0
10833,0
11882,0
5117,0
6215,0
4670,0
456,0
4877,1
3069,0
4999,0
9784,0
6764,0
1728,0
3892,0
7228,0
3276,0
1414,0
1508,0
5551,0
7204,0
4578,0
610,0
3307,0
9982,0
11908,0
8274,0
11716,0
1207,1
7141,0
11727,0
5032,0
11324,1
3836,0
2806,0
1234,1
7939,0
1755,0
7111,0
5346,1
3579,0
3790,0
6654,0
6093,0
5507,0
10969,0
267,0
537,0
8538,0
9990,0
11182,0
6754,0
9909,0
8709,0
6606,0
7315,0
7276,0
9883,0
3445,0
1161,0
6293,0
9935,0
8883,0
4932,0
7279,0
5870,0
9360,0
8824,1
1950,0
11836,0
7504,0
287,0
3186,0
6690,0
3244,0
5272,0
1537,0
7110,0
7924,0
11231,1
11898,0
10874,0
8933,0
6575,0
8551,0
8497,0
10378,0
7140,0
9993,0
10822,0
10111,0
10710,0
10744,0
703,0
2449,0
2052,0
7987,0
9579,0
2570,0
5869,0
91,0
7245,0
7935,0
6883,0
9272,0
3099,0
11484,0
11035,0
9140,1
7259,0
1253,0
9656,0
7322,0
3516,0
3497,0
6588,0
2251,0
5750,1
1546,1
10055,0
8143,0
10366,0
9118,1
7009,0
11555,0
8174,0
9461,0
1497,0
673,0
12001,0
11867,0
4576,0
12075,0
2026,0
7588,0
8201,0
9608,0
3358,0
12150,0
2770,0
10357,0
1882,0
5084,0
921,0
3674,0
533,0
11272,1
3781,0
3384,0
232,0
9973,0
11185,0
26,1
286,0
5140,0
696,0
9562,0
10872,0
3978,0
12086,0
7072,0
10243,0
1934,0
9180,0
10216,0
5733,0
2065,0
8470,1
1008,0
8034,0
4929,0
4021,0
913,0
1199,0
6610,0
4861,0
4915,0
8530,0
873,0
12085,0
1590,0
4644,0
1245,1
4448,0
7664,0
8747,0
5555,0
8831,1
10913,0
1889,0
3842,0
2691,0
1998,0
3972,0
8007,0
8509,0
10015,0
1725,0
10779,0
6969,0
4052,0
8841,1
129,1
7375,0
7135,0
8366,0
4465,0
5097,0
7711,0
7227,0
7811,0
2975,0
7117,0
5558,0
2551,0
4415,0
9603,0
6702,0
9487,0
9429,0
920,0
5856,0
28,1
3311,0
1074,0
6875,0
2698,0
8423,0
1539,0
73,0
11936,0
7526,0
8859,1
928,0
5768,0
8907,0
11875,0
1893,0
9578,0
6517,0
6650,0
2271,0
8705,0
752,0
11767,0
7127,0
3950,0
4387,0
3397,0
4330,0
2743,0
8603,0
8722,0
1442,0
1807,0
6948,0
10843,0
4766,0
5701,0
3788,0
3625,0
548,0
2325,0
7314,0
4876,1
10394,0
3072,0
864,0
4109,0
4048,0
1887,0
6115,0
11293,1
7941,0
6822,0
9317,0
3849,0
7771,0
4332,0
11764,0
2406,0
1962,0
2948,0
1933,0
7464,0
4006,0
2524,0
10308,0
3715,0
1912,0
4687,0
11972,0
11086,1
10518,0
2027,0
7147,0
7114,0
7586,0
11853,0
7644,0
9628,0
7909,1
689,0
11159,0
2382,0
6416,0
27,0
1240,0
1254,0
9511,0
9076,0
7888,0
3716,0
3805,0
11631,0
3259,0
3078,0
4439,0
7400,0
7217,0
1942,0
2279,0
5275,0
1804,0
11226,1
9627,0
813,0
11243,0
12028,0
8330,0
168,1
2226,0
9600,0
6433,0
7624,0
9813,0
2867,0
1963,0
6296,0
4099,0
2937,0
5567,0
2467,0
8087,0
10132,0
8377,0
5015,0
9247,0
4181,0
11625,0
12015,0
11915,0
6676,0
10037,0
4795,0
8741,0
10934,0
1239,0
1017,0
10727,0
4977,0
12083,0
6563,0
12128,0
11075,0
2445,0
11705,0
9929,0
11778,0
3694,0
1194,0
3192,0
10462,0
6231,0
8677,1
2053,0
9984,0
4663,0
2394,0
6708,0
11981,0
4484,0
7187,0
10480,0
9392,0
9584,0
3863,0
6805,0
9557,0
9249,0
1437,0
4450,0
11424,0
3923,0
2955,0
648,0
2023,0
5076,0
9198,0
5853,1
503,0
10364,0
7765,0
3055,0
7734,0
3740,0
7273,0
6567,0
7352,0
784,0
10404,0
3586,0
1588,0
11907,0
10643,0
11673,0
3223,0
484,0
7637,0
3302,0
5648,0
11750,0
4540,0
4459,0
5493,0
2260,0
7753,0
3398,0
4023,0
3944,0
8053,0
8045,0
2186,0
4692,0
3500,0
11105,1
10588,0
7555,0
1250,0
3254,0
2159,0
4245,0
9951,0
775,0
6803,0
9556,0
5710,0
3640,0
19,0
8985,0
1320,0
2916,0
6346,0
8981,0
11443,0
3809,0
3739,0
5041,0
5769,0
3075,0
2645,0
2041,0
8238,0
9918,0
7100,0
6353,0
7301,0
3699,0
3009,0
11808,0
7919,0
9348,0
7380,1
10294,0
2942,0
4806,0
11251,0
6311,0
4295,0
8151,0
8817,0
1640,0
5088,0
6197,0
8080,0
11085,1
2911,0
1141,0
3479,0
12130,0
10691,0
5134,0
2068,0
7875,0
416,0
6989,0
3379,0
12131,0
10933,0
10899,0
5322,0
2985,0
3020,0
9125,0
7691,0
3243,0
2684,0
2814,0
835,0
6519,0
8602,0
2480,0
5506,0
1076,0
3178,0
5908,0
11822,0
8588,0
9042,0
4428,0
5194,0
7393,0
6109,0
9561,0
10139,0
5096,0
10450,0
6362,0
8999,1
11140,1
4362,0
7500,0
2084,0
944,0
8372,0
4935,0
806,0
8195,0
4893,0
5570,0
8839,1
681,0
8872,0
8402,0
10352,0
6546,0
7462,0
7483,0
10457,0
5863,0
4242,0
7167,0
6075,0
1128,0
5061,0
8210,0
237,1
5550,0
1138,0
5741,0
9389,0
10174,0
5009,0
3170,0
10305,0
11868,0
346,0
7521,0
2939,0
4230,0
7469,0
1660,0
1603,0
2198,0
11299,1
7562,0
1030,0
10229,0
5334,1
10557,0
7360,0
3047,0
10002,0
6466,0
6974,0
4648,0
8997,0
11189,0
10751,0
6882,0
10951,0
7398,0
3392,0
7982,0
10638,0
3536,0
1032,0
5268,0
6358,0
6023,0
9673,0
2250,0
3758,0
6693,0
4162,0
3702,0
6617,0
2762,0
10997,0
5664,0
4782,1
1486,0
1836,0
6705,0
3207,0
7817,0
10669,0
3101,0
9108,0
10360,0
4054,0
3845,0
6249,0
3149,0
5561,0
4528,0
2922,0
9532,0
11416,0
5065,0
8963,0
7641,0
5758,0
10068,1
9624,0
9835,0
2875,0
7905,0
1346,0
9826,0
12037,0
11989,0
6919,0
9331,0
602,0
7365,0
4651,0
11310,0
11928,0
875,0
11733,0
5708,0
1492,0
10847,0
7325,0
8359,0
8863,1
8866,0
719,0
10533,0
4640,0
8614,0
93,0
6934,0
9395,0
10659,0
2004,0
1142,0
3361,0
5754,0
11395,0
12019,0
11275,0
7444,0
583,1
8906,0
11168,0
5619,0
9583,0
11347,0
4505,0
3350,0
6221,0
7460,0
11304,1
5764,0
8142,0
12007,0
7630,0
9564,0
11262,0
5521,0
6946,0
6124,0
7343,1
8858,0
2364,0
6065,0
8173,0
10381,0
6386,0
8584,0
7442,0
4402,0
8211,0
7783,0
11957,0
3436,0
11757,0
4283,0
11558,0
5183,0
2139,0
11804,0
1550,0
194,1
8504,0
4063,0
4196,0
3807,0
5525,0
6936,0
7487,0
8777,0
700,0
11061,0
5280,0
11897,0
9445,0
2227,0
6773,0
3910,0
3635,0
7758,0
3628,0
5401,0
1992,0
5857,1
5207,0
8009,0
3208,0
6978,0
6845,0
11476,0
2113,0
12123,0
8938,0
6687,0
8440,0
5918,0
4019,0
7471,0
6953,0
12134,0
2795,0
8498,1
3114,0
5130,0
11738,0
11335,0
3896,0
9657,0
6275,0
4774,0
9681,0
6564,0
174,1
4655,0
8443,0
4059,0
4391,0
713,0
5661,0
976,0
10838,0
8269,0
6848,0
11332,0
4419,0
7841,0
5574,0
2693,0
2753,0
11824,0
106,1
9805,0
6331,0
9807,0
2256,0
2043,0
3928,0
11844,0
10427,0
4711,0
8608,0
9648,0
1241,1
1344,0
5423,0
10818,0
2934,0
8857,0
4374,0
371,0
7386,0
8596,0
7799,0
9265,0
1868,0
8695,0
3300,0
5878,0
328,0
3347,0
7940,0
2555,0
104,1
4850,0
1169,0
5195,0
9454,0
6621,0
9026,0
10237,0
5937,0
2265,0
4106,0
6596,0
6288,0
3644,0
626,0
8004,0
6488,0
2400,0
9023,0
10245,0
999,0
11252,1
4919,0
11572,0
10262,0
10689,0
3562,0
6247,0
5496,0
177,0
11473,0
9581,0
1202,0
1350,0
3533,0
5952,0
1760,0
2016,0
504,0
1087,0
4669,0
5958,0
715,0
9978,0
8860,1
8606,0
9230,0
4883,0
2421,0
10198,0
2247,0
5277,0
11499,1
2054,0
5490,0
11346,0
8812,0
2621,0
11082,1
6897,0
279,0
491,0
5977,0
7925,0
791,0
8526,0
6281,0
2274,0
9302,0
14,1
5016,0
4441,0
2760,0
2632,0
4246,0
6811,0
2233,0
3430,0
341,0
363,0
8426,0
10824,0
1496,0
2923,0
6859,0
2337,0
119,1
1315,0
7146,0
5594,0
11505,0
9056,0
10056,0
3017,0
7635,0
12,1
9279,0
236,1
1,0
4911,1
40,0
2117,0
1863,0
1228,1
8811,0
2561,0
4581,0
5422,0
424,0
7397,0
9746,0
8957,0
10785,0
5311,0
6369,0
7098,0
9799,0
6570,0
1110,0
4826,0
4817,0
3652,0
9096,0
3327,0
6639,0
8467,0
6979,0
4513,0
6323,0
5791,0
8339,0
8259,0
5339,0
8548,0
2075,0
8198,0
546,0
9385,0
11866,0
3074,0
4934,1
8172,0
10929,0
5369,0
6599,0
846,0
3705,0
2610,0
9802,0
7761,0
6972,0
6740,0
7600,0
140,1
2405,0
10266,0
12079,0
2133,0
9305,0
833,0
11148,0
8511,0
5637,0
9128,1
1398,0
2305,0
10127,0
10497,0
6226,0
4823,1
4393,0
2567,0
8309,0
7233,0
11326,0
5988,0
1082,0
11336,0
9966,0
8226,0
5598,0
818,0
4834,0
2392,0
3847,0
4606,0
10265,0
10938,0
6085,0
7240,0
1317,0
11831,0
2595,0
388,0
1959,0
5120,1
1463,0
6907,0
9534,0
2244,0
5442,0
8156,0
11632,0
11964,0
10031,0
4762,0
2989,0
6188,0
9092,1
5138,0
4471,0
9011,0
985,0
625,0
3363,0
946,0
8724,0
6423,0
7153,0
1462,0
5832,0
7071,0
3627,0
4866,1
10325,0
4366,0
10385,0
2775,0
9916,0
11452,0
1401,0
185,1
3975,0
6986,0
6710,0
3257,0
10713,0
4986,1
6572,0
11601,0
9095,0
2741,0
7786,0
3455,0
2402,0
7348,0
2320,0
6791,0
5352,0
5902,0
3680,0
1265,0
11417,0
10701,0
3447,0
11270,1
7688,0
5214,0
9636,0
7121,0
10747,0
1410,0
7701,0
9871,0
11535,0
8016,0
3793,0
5198,0
8231,0
9948,0
9366,0
3719,0
10026,0
9251,0
3997,0
1204,0
10000,0
6840,0
10189,0
7466,1
4135,0
5158,0
1048,0
5817,0
2834,0
1520,0
2941,0
8640,0
7065,0
10190,0
6121,0
10162,0
8374,0
9848,0
7441,0
11352,0
2837,0
1104,0
5110,0
2343,0
4653,0
5234,0
1452,0
4494,0
3670,0
7493,0
11362,0
1642,0
4683,0
4808,1
1785,0
10387,0
10823,0
1482,0
9611,0
2149,0
1007,0
10639,0
8776,0
8040,0
975,0
6283,0
977,0
3275,0
6747,0
1000,0
2248,0
667,0
3777,0
9679,0
12092,0
11709,0
11083,1
980,0
7960,0
8979,0
1117,0
10350,0
7579,0
1475,0
1771,0
3245,0
2732,0
1149,0
2914,0
7741,0
5037,0
3921,0
3066,0
1840,0
3035,0
8762,0
10032,0
1445,0
7587,0
3965,0
5452,0
11372,0
11038,0
4763,0
11209,0
2160,0
11426,0
5103,0
1257,0
8675,1
233,0
262,0
10959,0
9097,0
11408,0
11724,0
4227,0
2681,0
8217,0
9633,0
10087,0
3574,0
8813,0
270,0
9218,0
3153,0
3376,0
5540,0
5378,0
5090,0
11380,0
1122,0
3477,0
3434,0
2943,0
11578,0
6365,0
3510,0
3239,0
8348,0
11588,0
263,0
1935,0
11865,0
8089,0
9708,0
10498,0
11001,0
1331,0
7208,0
9898,0
10590,0
8091,0
7543,0
1005,0
2264,0
1819,0
3838,0
6827,0
5911,0
7484,0
3800,0
1609,0
8387,0
284,0
1444,0
9604,0
4395,0
11794,0
6474,0
5576,0
5249,0
5666,0
7412,0
1373,0
4898,0
5629,0
781,0
5782,0
931,0
3840,0
8703,0
4566,0
760,0
6943,0
1435,0
9913,0
11363,0
10185,0
6008,0
3969,0
1046,0
6618,0
2656,0
3380,0
1805,0
10036,0
2759,0
401,0
3661,0
10023,0
4913,1
10386,0
1236,1
10239,0
10120,0
5148,0
4323,0
1109,0
9301,0
6372,0
10028,0
2095,0
12137,0
3922,0
7852,0
6880,0
7055,0
408,0
3081,0
3164,0
3560,0
9264,0
6502,0
2947,0
3597,0
1504,0
7835,0
1724,0
1781,0
6818,0
6370,0
11620,0
10147,0
2262,0
160,0
4891,0
6211,0
11106,0
6112,0
10737,0
1879,0
7011,0
10286,0
3803,0
5726,0
8528,0
8666,0
11286,0
4209,0
669,0
9544,0
8875,0
5867,0
1586,0
9546,0
6864,0
8216,0
11313,0
5794,0
3344,0
105,1
10052,0
11553,0
8225,0
9105,0
2695,0
8604,0
1134,0
1260,0
501,0
5787,0
7252,0
6775,0
7533,0
7347,0
9696,0
6320,0
11862,0
2306,0
336,0
3918,0
6300,0
4649,0
776,0
9797,0
983,0
9822,0
5213,0
7729,0
4072,0
7002,0
4458,0
3664,0
2950,0
1848,0
11120,1
10,0
10304,0
9654,0
7467,0
2358,0
5862,0
10625,0
597,0
6904,0
4509,0
6187,0
3551,0
5229,0
10571,0
3582,0
2877,0
10652,0
10493,0
9256,0
7780,0
6083,0
9563,0
6285,0
9928,0
3000,0
5900,0
4380,0
10831,0
5243,0
11177,0
6862,0
4427,0
1078,0
1907,0
11087,1
11513,0
9022,0
8994,0
7455,0
3770,0
1885,0
7592,0
7082,0
5188,0
7056,0
12066,0
1288,0
4152,0
6336,0
4477,0
4083,0
12140,0
8014,0
5101,0
1113,0
6484,0
11609,0
5284,0
6212,0
5220,0
5767,0
9874,0
5124,1
10064,0
10733,0
1909,0
6780,0
3935,0
5145,0
1822,0
2585,0
3541,0
2740,0
7382,0
74,0
5652,0
5454,0
5871,0
9030,0
11425,0
5670,0
3296,0
2598,0
5500,0
7873,0
11823,0
7866,0
8740,0
10881,0
9941,0
3987,0
2340,0
5390,0
8566,0
10791,0
12012,0
3549,0
10757,0
1248,1
5761,0
468,0
11525,0
5365,0
11934,0
2131,0
850,0
2623,0
3765,0
808,0
1587,0
11533,0
2674,0
3052,0
11169,0
5383,0
10501,0
8352,0
9619,0
10122,0
345,0
9166,0
5951,0
2108,0
4631,0
9155,0
8158,0
10967,0
2801,0
11236,0
554,0
3231,0
1742,0
10711,0
6393,0
4736,0
6498,0
2677,0
10655,0
7537,0
9259,0
9111,0
5387,1
7364,0
11924,0
4122,0
11059,0
2915,0
5921,0
2635,0
7486,0
6229,0
1791,0
1363,0
8081,0
11122,1
10910,0
1500,0
10753,0
3383,0
1166,0
8571,0
214,1
4516,0
863,0
3041,0
12061,0
10647,0
9995,0
5711,0
1053,0
8246,0
4277,1
5991,0
3819,0
8096,0
7687,0
1846,0
9201,0
670,0
11976,0
10673,0
10601,0
9131,0
3925,0
4359,0
6951,0
2898,0
9380,0
11693,0
11149,0
7342,0
3654,0
7848,0
7457,0
10371,0
8235,0
1502,0
2028,0
3659,0
10707,0
3094,0
10646,0
10169,0
8706,0
11735,0
8495,0
8357,0
1529,0
11306,0
6612,0
4498,0
1838,0
8897,0
9691,0
5419,0
7341,0
8428,0
10826,0
2169,0
6661,0
9449,0
978,0
4617,0
1740,0
11,0
6456,0
6431,0
11447,0
5688,0
1286,0
10887,0
3595,0
11188,0
6603,0
7306,0
10628,0
2038,0
7321,1
9474,1
4713,0
175,1
4715,0
4712,0
9372,0
2584,0
300,0
9582,0
11007,0
12129,0
8531,0
9370,0
5095,0
9246,0
3884,0
11577,0
1226,1
1425,0
1045,0
11434,0
9481,0
11215,0
4707,0
11219,0
4479,0
8181,0
1107,0
2629,0
11480,0
2731,0
1581,0
8411,0
11811,0
440,0
658,0
11151,1
10300,0
778,0
9419,0
7781,0
11860,0
5893,0
6026,0
2176,0
2194,0
1472,0
8451,0
1904,0
5017,0
11521,0
1120,0
7198,0
2882,0
4358,0
9148,0
276,0
4700,0
11629,0
8634,0
10974,0
9116,1
7755,0
4882,0
6647,0
5406,0
2847,0
9032,0
4743,0
6950,0
9911,0
9244,0
2668,0
1182,0
1957,0
5212,0
10339,0
11478,0
4855,0
8799,0
5497,0
11016,0
5613,0
10900,0
10272,0
561,0
11338,0
3284,0
10340,0
11316,0
3498,0
9832,0
2127,0
9517,0
5336,0
3126,0
1695,0
10825,0
3473,0
9599,0
11654,0
3638,0
329,0
7263,0
6736,0
11635,0
5157,0
420,0
7995,0
780,0
10973,0
7497,0
6899,0
7928,0
1971,0
3984,0
6470,0
12110,0
6861,0
765,0
6032,0
5929,0
10998,0
6424,0
9939,0
1175,0
3971,0
6500,0
7426,0
11973,0
7038,0
4750,0
10811,0
2180,0
6381,0
4027,0
704,0
7813,0
445,0
7871,0
6801,0
7704,0
7143,0
203,0
7718,0
9640,0
4650,0
12133,0
2481,0
4325,0
8324,0
4661,0
9626,0
2578,0
515,0
7539,0
2125,0
8932,0
11980,0
8492,0
5609,0
2988,0
6450,0
11136,1
7333,0
7028,0
7531,0
2587,0
7278,0
7746,0
11846,0
2002,0
11130,0
8692,0
727,0
6092,0
11142,1
4134,0
10430,0
7101,0
1864,0
7216,0
2106,0
7918,0
836,0
4749,0
4792,0
2407,0
9169,0
480,0
5136,0
1564,0
8895,0
2282,0
5747,0
7668,0
5028,0
7001,0
477,0
254,1
6129,0
7620,0
9946,0
7242,0
4207,0
11008,0
10114,0
10164,0
4716,0
9980,0
4383,0
1575,1
2557,0
6878,0
5362,0
3548,0
3580,0
11204,0
8482,0
3014,0
9741,0
5861,0
10248,0
10455,0
5468,0
5495,0
11749,0
9127,1
7568,0
9680,0
4598,0
3762,0
1635,0
9080,0
12005,0
2316,0
7845,0
9821,0
2395,0
1825,0
7565,0
10474,0
2906,0
7908,0
4643,0
10494,0
11771,0
5964,0
5925,0
198,1
3885,0
4223,0
5989,0
5402,0
8826,1
11967,0
5611,0
9773,0
2884,0
23,0
4037,0
6569,0
2704,0
11300,1
2243,0
5719,0
11247,1
10955,0
959,0
11465,0
8260,0
10343,0
9477,0
1387,0
4658,0
10668,0
11394,0
937,0
6322,0
2896,0
4925,1
9856,0
3905,0
10007,0
2605,0
3506,0
879,1
2197,0
6144,0
2671,0
10653,0
157,1
11526,0
4959,1
1538,0
4202,0
534,0
6098,0
7712,0
7367,0
10829,0
8829,1
3134,0
10728,0
1375,0
10423,0
292,0
8266,0
3508,0
680,0
3429,0
11256,0
7616,0
1108,0
8049,0
6876,0
8376,0
3947,0
9171,0
10389,0
11494,1
7472,0
4475,0
632,0
9488,0
8354,0
7339,0
3448,0
967,0
9060,0
3957,0
9423,0
3270,0
10861,0
5898,0
1072,0
11446,0
9473,0
532,0
1578,0
8565,0
4424,0
3320,0
5427,0
8540,0
3422,0
7284,0
7070,0
6874,0
1562,0
6506,0
5808,0
1961,0
2190,0
4404,0
5078,0
7323,1
3123,0
4607,0
559,0
6037,0
9431,0
5526,0
10338,0
9512,0
9407,0
5638,0
11748,0
5170,0
7431,0
2491,0
5403,0
10110,0
7422,0
4271,0
6824,0
3720,0
8124,0
6518,0
1238,0
5509,0
8610,0
718,0
3286,0
10627,0
10108,0
3042,0
11036,0
7008,0
3953,0
6004,0
5605,0
8690,0
11135,0
9652,0
441,0
8039,0
3591,0
9410,0
4878,0
10196,0
2345,0
5357,0
9379,0
4416,0
6524,0
9841,0
8380,0
8033,0
923,0
11356,0
399,0
2792,0
1105,0
2982,0
7043,0
746,0
9406,0
9483,0
4710,0
3660,0
2706,0
11621,0
3353,0
5556,0
10857,0
12044,0
2529,0
9677,0
8364,0
9411,0
8621,0
2338,0
8228,0
7510,0
6944,0
9397,0
433,0
6318,0
5617,0
10658,0
5433,0
1448,0
3904,0
6203,0
5705,0
1886,0
5440,0
244,1
6341,0
8052,0
3179,0
1394,0
9811,0
9977,0
4413,0
1512,0
11706,0
9175,0
957,0
6105,0
3684,0
7229,0
7305,0
2558,0
2457,0
11975,0
7662,0
10527,0
1090,0
3011,0
11550,0
7808,0
6562,0
11832,0
11723,0
11892,0
1867,0
10800,0
8652,1
2099,0
1684,0
810,0
5849,1
11196,0
10999,0
7942,0
6436,0
8791,0
5660,0
6627,0
isFlakyPredict,[0 0 0 ... 0 0 0]
