Type,Project,ModelBalance,tn,fp,fn,tp,precision,recall,accuracy,inspection_rate,f1_score,mcc,auc_roc_score
within,javawebsocket,naiveBayesBorderlineSMOTE,15.0,93.0,0.0,27.0,0.2267948717948718,1.0,0.30879120879120875,0.8906593406593407,0.3674633699633699,0.16771433914558234,0.9530303030303031
within,javawebsocket,naiveBayesSMOTE,14.0,94.0,0.0,27.0,0.2255128205128205,1.0,0.3010989010989011,0.8983516483516484,0.36555860805860807,0.15540519004764905,0.9530303030303029
within,javawebsocket,naiveBayesrandomover,14.0,94.0,0.0,27.0,0.2255128205128205,1.0,0.3010989010989011,0.8983516483516484,0.36555860805860807,0.15540519004764905,0.943939393939394
within,javawebsocket,naiveBayes,108.0,0.0,27.0,0.0,0.0,0.0,0.8005494505494506,0.0,0.0,0.0,0.943939393939394
within,javawebsocket,naiveBayesADASYN,23.0,85.0,3.0,24.0,0.19906759906759905,0.9,0.34450549450549445,0.8120879120879121,0.3241666666666666,0.14063808182895773,0.943939393939394
within,javawebsocket,decisionTreeBorderlineSMOTE,92.0,16.0,1.0,26.0,0.6366666666666666,0.9666666666666666,0.8736263736263737,0.31153846153846154,0.7573809523809524,0.7139271571870305,0.9633333333333333
within,javawebsocket,decisionTreeSMOTE,89.0,19.0,1.0,26.0,0.595,0.9666666666666666,0.8505494505494505,0.33461538461538465,0.725,0.6770398918827826,0.9433333333333334
within,javawebsocket,decisionTreerandomover,91.0,17.0,1.0,26.0,0.6216666666666666,0.9666666666666666,0.8659340659340659,0.31923076923076926,0.7466666666666667,0.7010508058640106,0.9533333333333334
within,javawebsocket,decisionTree,107.0,1.0,7.0,20.0,0.9666666666666666,0.7666666666666666,0.9412087912087912,0.15604395604395604,0.82,0.8181838105311762,0.95
within,javawebsocket,decisionTreeADASYN,91.0,17.0,3.0,24.0,0.6416666666666666,0.9,0.8505494505494505,0.30604395604395607,0.7050000000000001,0.6638519324003351,0.9287878787878787
within,javawebsocket,randomForestBorderlineSMOTE,91.0,17.0,1.0,26.0,0.6266666666666667,0.9666666666666666,0.8659340659340659,0.31923076923076926,0.7490476190476191,0.7038059227152715,0.8996969696969698
within,javawebsocket,randomForestSMOTE,92.0,16.0,1.0,26.0,0.6366666666666666,0.9666666666666666,0.8736263736263735,0.3115384615384616,0.7573809523809524,0.7139271571870305,0.9703030303030303
within,javawebsocket,randomForestnearmissunder1,96.0,12.0,7.0,20.0,0.7011904761904761,0.7666666666666666,0.8598901098901098,0.2373626373626374,0.6890476190476189,0.6359587346716047,0.9242424242424242
within,javawebsocket,randomForestrandomunder,91.0,17.0,1.0,26.0,0.6266666666666667,0.9666666666666666,0.8659340659340659,0.31923076923076926,0.7490476190476191,0.7038059227152715,0.9769696969696969
within,javawebsocket,randomForestrandomover,92.0,16.0,1.0,26.0,0.6366666666666666,0.9666666666666666,0.8736263736263735,0.3115384615384616,0.7573809523809524,0.7139271571870305,0.9703030303030303
within,javawebsocket,randomForest,107.0,1.0,7.0,20.0,0.9666666666666666,0.7666666666666666,0.9412087912087912,0.15604395604395604,0.82,0.8181838105311762,0.9636363636363636
within,javawebsocket,randomForestnearmissunder2,92.0,16.0,7.0,20.0,0.6278571428571428,0.7666666666666666,0.8291208791208792,0.2681318681318681,0.6402380952380953,0.5767521680191856,0.8743939393939394
within,javawebsocket,randomForestADASYN,92.0,16.0,3.0,24.0,0.6516666666666666,0.9,0.8582417582417582,0.29835164835164835,0.7133333333333334,0.673973166872094,0.9515151515151515
within,javawebsocket,randomForestnearmissunder3,14.0,94.0,0.0,27.0,0.2319047619047619,1.0,0.306043956043956,0.8934065934065935,0.3716526610644258,0.13581398174082618,0.808030303030303
within,javawebsocket,SVMBorderlineSMOTE,84.0,24.0,0.0,27.0,0.5670238095238095,1.0,0.8225274725274726,0.37692307692307697,0.710021645021645,0.661768736876094,0.9530303030303029
within,javawebsocket,SVMSMOTE,88.0,20.0,0.0,27.0,0.5966666666666667,1.0,0.8510989010989011,0.3483516483516484,0.7371428571428571,0.6946859122928101,0.9530303030303029
within,javawebsocket,SVMrandomover,88.0,20.0,0.0,27.0,0.5966666666666667,1.0,0.8510989010989011,0.3483516483516484,0.7371428571428571,0.6946859122928101,0.9530303030303029
within,javawebsocket,SVM,105.0,3.0,26.0,1.0,0.1,0.03333333333333333,0.7846153846153846,0.030219780219780223,0.05,0.013942143828691841,0.943939393939394
within,javawebsocket,SVMADASYN,87.0,21.0,0.0,27.0,0.5895238095238096,1.0,0.843956043956044,0.3554945054945055,0.7304761904761905,0.6866069401639666,0.943939393939394
within,javawebsocket,adaboostBorderlineSMOTE,90.0,18.0,1.0,26.0,0.6116666666666666,0.9666666666666666,0.8582417582417582,0.326923076923077,0.7383333333333334,0.6909295713922516,0.9153030303030303
within,javawebsocket,adaboostSMOTE,90.0,18.0,1.0,26.0,0.6116666666666666,0.9666666666666666,0.8582417582417582,0.326923076923077,0.7383333333333334,0.6909295713922516,0.9536363636363637
within,javawebsocket,adaboostrandomover,89.0,19.0,1.0,26.0,0.595,0.9666666666666666,0.8505494505494505,0.3346153846153846,0.7238095238095238,0.6771369004449177,0.9487878787878788
within,javawebsocket,adaboost,103.0,5.0,7.0,20.0,0.8416666666666666,0.7666666666666666,0.9104395604395605,0.1868131868131868,0.7623809523809524,0.7388452444398146,0.9487878787878788
within,javawebsocket,adaboostADASYN,93.0,15.0,3.0,24.0,0.6616666666666665,0.9,0.8659340659340659,0.2906593406593406,0.7216666666666667,0.6840944013438529,0.9403030303030304
within,javawebsocket,MLPBorderlineSMOTE,90.0,18.0,0.0,27.0,0.6216666666666666,1.0,0.8653846153846153,0.3340659340659341,0.7561904761904763,0.7169559257617343,0.9284848484848484
within,javawebsocket,MLPSMOTE,90.0,18.0,0.0,27.0,0.6216666666666666,1.0,0.8653846153846153,0.3340659340659341,0.7561904761904763,0.7169559257617343,0.9545454545454545
within,javawebsocket,MLPrandomover,90.0,18.0,0.0,27.0,0.6216666666666666,1.0,0.8653846153846153,0.3340659340659341,0.7561904761904763,0.7169559257617343,0.9530303030303029
within,javawebsocket,MLP,104.0,4.0,12.0,15.0,0.7416666666666666,0.6,0.881868131868132,0.14285714285714285,0.6257142857142857,0.5992175026199547,0.9545454545454545
within,javawebsocket,MLPADASYN,90.0,18.0,0.0,27.0,0.6216666666666666,1.0,0.8653846153846153,0.3340659340659341,0.7561904761904763,0.7169559257617343,0.9348484848484849
within,wildfly,naiveBayesBorderlineSMOTE,140.0,804.0,2.0,36.0,0.042857076067877434,0.95,0.17920016491445062,0.8554112554112553,0.08197831234042406,0.0521149970046035,0.8295893990294886
within,wildfly,naiveBayesSMOTE,140.0,804.0,2.0,36.0,0.042857076067877434,0.95,0.17920016491445062,0.8554112554112553,0.08197831234042406,0.0521149970046035,0.8527435610302352
within,wildfly,naiveBayesrandomover,136.0,808.0,2.0,36.0,0.04265505315600912,0.95,0.1751288394145537,0.8594825809111523,0.08160573445105662,0.05090582047544208,0.8583370660694289
within,wildfly,naiveBayes,944.0,0.0,38.0,0.0,0.0,0.0,0.9613069470212328,0.0,0.0,0.0,0.8596472564389698
within,wildfly,naiveBayesADASYN,50.0,894.0,2.0,36.0,0.03864305426383643,0.95,0.08761080189651618,0.9470006184291899,0.07422472239345593,0.013729884452665736,0.8325074654721911
within,wildfly,decisionTreeBorderlineSMOTE,938.0,6.0,11.0,27.0,0.8716666666666667,0.7083333333333333,0.9826942898371469,0.03363224077509792,0.7326984126984127,0.7523914686424202,0.9164562336692794
within,wildfly,decisionTreeSMOTE,937.0,7.0,12.0,26.0,0.885,0.6916666666666667,0.9806637806637806,0.03364254792826221,0.7223809523809523,0.7462819078356218,0.9022853676745054
within,wildfly,decisionTreerandomover,933.0,11.0,8.0,30.0,0.795,0.7916666666666666,0.9806534735106164,0.04177489177489177,0.7642857142857142,0.7699285967124997,0.8889944942142589
within,wildfly,decisionTree,932.0,12.0,9.0,29.0,0.7333333333333333,0.7666666666666666,0.9786332714904142,0.04177489177489177,0.729047619047619,0.7293642442894712,0.8998730869727509
within,wildfly,decisionTreeADASYN,932.0,12.0,8.0,30.0,0.755,0.7916666666666666,0.9796433725005154,0.04278499278499278,0.7542063492063491,0.7539236238274446,0.9134229189996267
within,wildfly,randomForestBorderlineSMOTE,939.0,5.0,10.0,28.0,0.8916666666666666,0.7416666666666666,0.9847351061636775,0.03363224077509792,0.7814285714285715,0.7920891068083197,0.9938829787234044
within,wildfly,randomForestSMOTE,939.0,5.0,9.0,29.0,0.9016666666666666,0.7666666666666666,0.9857452071737786,0.034642341785198934,0.8028571428571428,0.8120631881024781,0.9901595744680851
within,wildfly,randomForestnearmissunder1,690.0,254.0,3.0,35.0,0.132839225624753,0.925,0.7383529169243456,0.29423830138115853,0.22949722506244244,0.28886849441342255,0.9362430011198208
within,wildfly,randomForestrandomunder,893.0,51.0,4.0,34.0,0.4196428571428571,0.9,0.9440012368583796,0.08656977942692227,0.5660606060606062,0.5894458462336385,0.975109182530795
within,wildfly,randomForestrandomover,937.0,7.0,8.0,30.0,0.8616666666666667,0.7916666666666666,0.9847144918573489,0.03769325912183055,0.8004761904761905,0.8065206592560251,0.9953611422172453
within,wildfly,randomForest,937.0,7.0,10.0,28.0,0.8183333333333334,0.7416666666666666,0.9827045969903112,0.03566274994846423,0.7599999999999999,0.7618392167089352,0.990979843225084
within,wildfly,randomForestnearmissunder2,324.0,620.0,4.0,34.0,0.052083134792069864,0.9,0.36444032158317874,0.6660894660894662,0.0983192173104145,0.10015151640574568,0.9042730496453902
within,wildfly,randomForestADASYN,938.0,6.0,9.0,29.0,0.8766666666666666,0.7666666666666666,0.9847247990105131,0.03566274994846424,0.7921428571428571,0.7998538266169666,0.9915005599104145
within,wildfly,randomForestnearmissunder3,854.0,90.0,7.0,31.0,0.34086134453781514,0.8166666666666667,0.9011131725417441,0.12333539476396618,0.4486112396375555,0.47413741681850696,0.9414473684210526
within,wildfly,SVMBorderlineSMOTE,828.0,116.0,4.0,34.0,0.23974870889344574,0.9,0.8777159348587921,0.15285508142651,0.3735857826384142,0.4242499370548978,0.889036954087346
within,wildfly,SVMSMOTE,842.0,102.0,5.0,33.0,0.2540603514132926,0.875,0.890981240981241,0.1375489589775304,0.38968768074031235,0.4337537906784411,0.8971687196715192
within,wildfly,SVMrandomover,843.0,101.0,6.0,32.0,0.24855448473095532,0.85,0.8910018552875696,0.1354875283446712,0.38140289449112974,0.42152904206302777,0.9040864128406122
within,wildfly,SVM,944.0,0.0,28.0,10.0,0.8,0.26666666666666666,0.9714904143475571,0.010183467326324467,0.3933333333333333,0.45111285835428455,0.8872200447928332
within,wildfly,SVMADASYN,791.0,153.0,4.0,34.0,0.18426169056486058,0.9,0.840074211502783,0.19049680478251907,0.30393823864075575,0.3622756599450411,0.9034079880552446
within,wildfly,adaboostBorderlineSMOTE,921.0,23.0,8.0,30.0,0.6045238095238095,0.7916666666666666,0.9684394970109256,0.05398886827458257,0.6646536796536796,0.6666552058610623,0.9755981709593131
within,wildfly,adaboostSMOTE,922.0,22.0,6.0,32.0,0.6713095238095238,0.8416666666666666,0.9715007215007215,0.05496804782519068,0.7126406926406926,0.7218282897541837,0.9794634191862637
within,wildfly,adaboostrandomover,922.0,22.0,6.0,32.0,0.6873015873015873,0.8416666666666666,0.9714698000412287,0.05499896928468358,0.7197347097347095,0.7294386387170316,0.9761506159014559
within,wildfly,adaboost,936.0,8.0,9.0,29.0,0.8216666666666667,0.7666666666666666,0.9827045969903112,0.03770356627499485,0.7720634920634919,0.7748505526604929,0.9761478163493841
within,wildfly,adaboostADASYN,924.0,20.0,7.0,31.0,0.6799999999999999,0.8166666666666667,0.9725211296639868,0.05192743764172335,0.7115295815295816,0.7174312212223226,0.9675
within,wildfly,MLPBorderlineSMOTE,869.0,75.0,5.0,33.0,0.33770117137764194,0.875,0.918460111317254,0.11007008864151724,0.475937395937396,0.5081267628740441,0.8977118327734228
within,wildfly,MLPSMOTE,872.0,72.0,5.0,33.0,0.3401115551115551,0.875,0.9215419501133788,0.10698824984539271,0.4766649690179102,0.5100710162695766,0.9335479656588278
within,wildfly,MLPrandomover,876.0,68.0,5.0,33.0,0.34834415584415584,0.875,0.9256441970727686,0.10288600288600289,0.4872490083016398,0.5188592029294009,0.9391694662187383
within,wildfly,MLP,943.0,1.0,29.0,9.0,0.475,0.2333333333333333,0.9694599051741909,0.010193774479488766,0.29833333333333334,0.3202420996252878,0.8431187010078387
within,wildfly,MLPADASYN,843.0,101.0,5.0,33.0,0.25134453781512606,0.875,0.892022263450835,0.13650793650793652,0.3861834733893557,0.4316433145398989,0.9459835759611795
within,fastjson,naiveBayesBorderlineSMOTE,110.0,422.0,1.0,11.0,0.025352977678451506,0.9,0.22249158249158246,0.7958249158249159,0.04918014829794405,0.04075557511643176,0.8877358490566036
within,fastjson,naiveBayesSMOTE,110.0,422.0,1.0,11.0,0.025352977678451506,0.9,0.22249158249158246,0.7958249158249159,0.04918014829794405,0.04075557511643176,0.8849056603773585
within,fastjson,naiveBayesrandomover,410.0,122.0,2.0,10.0,0.13720959595959598,0.85,0.7716835016835017,0.24299663299663302,0.20629573041337745,0.2582132581581687,0.880188679245283
within,fastjson,naiveBayes,532.0,0.0,12.0,0.0,0.0,0.0,0.9779797979797978,0.0,0.0,0.0,0.880188679245283
within,fastjson,naiveBayesADASYN,136.0,396.0,1.0,11.0,0.03173987947572835,0.9,0.26929292929292925,0.7490235690235689,0.06029192704749884,0.0578246393763719,0.8641509433962264
within,fastjson,decisionTreeBorderlineSMOTE,529.0,3.0,4.0,8.0,0.65,0.75,0.9871717171717173,0.020235690235690235,0.6666666666666666,0.6801866193380338,0.8967155835080364
within,fastjson,decisionTreeSMOTE,527.0,5.0,6.0,6.0,0.5,0.5,0.9797306397306398,0.0202020202020202,0.4666666666666666,0.47561843506752366,0.7953004891684138
within,fastjson,decisionTreerandomover,528.0,4.0,4.0,8.0,0.65,0.7,0.9852861952861952,0.022053872053872055,0.6333333333333333,0.6483527169569729,0.8462438853948289
within,fastjson,decisionTree,526.0,6.0,6.0,6.0,0.5,0.5,0.9778787878787878,0.022121212121212118,0.4666666666666666,0.47496834386193976,0.8452830188679246
within,fastjson,decisionTreeADASYN,524.0,8.0,5.0,7.0,0.4333333333333333,0.65,0.9761952861952861,0.027575757575757576,0.5,0.5122386429231925,0.8165793151642209
within,fastjson,randomForestBorderlineSMOTE,528.0,4.0,4.0,8.0,0.65,0.65,0.9852188552188552,0.022053872053872055,0.6333333333333333,0.636761826645753,0.9622641509433961
within,fastjson,randomForestSMOTE,530.0,2.0,2.0,10.0,0.8,0.85,0.9926262626262627,0.022053872053872055,0.8,0.8101337292662644,0.9660377358490566
within,fastjson,randomForestnearmissunder1,412.0,120.0,2.0,10.0,0.16363354037267083,0.85,0.776060606060606,0.2386195286195286,0.18375678097646062,0.2572022296653127,0.9311670160726765
within,fastjson,randomForestrandomunder,498.0,34.0,2.0,10.0,0.3376190476190476,0.85,0.9336026936026934,0.08107744107744107,0.43276556776556785,0.48226384067367717,0.869811320754717
within,fastjson,randomForestrandomover,530.0,2.0,4.0,8.0,0.75,0.7,0.9889562289562288,0.018383838383838384,0.7,0.7082594072879561,0.8858490566037736
within,fastjson,randomForest,529.0,3.0,6.0,6.0,0.5,0.5,0.9834343434343434,0.016565656565656565,0.5,0.49541934525496795,0.8952830188679245
within,fastjson,randomForestnearmissunder2,352.0,180.0,3.0,9.0,0.050189035384268645,0.8,0.6643771043771045,0.3466666666666666,0.09350207961972667,0.140927652627103,0.8992313067784765
within,fastjson,randomForestADASYN,528.0,4.0,5.0,7.0,0.575,0.6,0.9834343434343434,0.020269360269360267,0.5399999999999999,0.5587104928586495,0.968867924528302
within,fastjson,randomForestnearmissunder3,457.0,75.0,3.0,9.0,0.16691520467836257,0.75,0.8564309764309763,0.1545454545454545,0.24331130857446642,0.2942756894381787,0.808490566037736
within,fastjson,SVMBorderlineSMOTE,512.0,20.0,3.0,9.0,0.47333333333333333,0.75,0.9575420875420877,0.05343434343434343,0.5166666666666667,0.5448893661198836,0.8849056603773583
within,fastjson,SVMSMOTE,512.0,20.0,2.0,10.0,0.49833333333333335,0.85,0.9593602693602692,0.05531986531986531,0.5485714285714286,0.5917046720374943,0.8839622641509435
within,fastjson,SVMrandomover,504.0,28.0,2.0,10.0,0.3926190476190476,0.85,0.9446801346801348,0.06999999999999999,0.4521428571428571,0.5097780885680416,0.879245283018868
within,fastjson,SVM,531.0,1.0,8.0,4.0,0.4,0.35,0.9834343434343433,0.009158249158249157,0.36666666666666664,0.36816609761893926,0.8924528301886792
within,fastjson,SVMADASYN,504.0,28.0,2.0,10.0,0.3809523809523809,0.85,0.9445791245791245,0.07010101010101011,0.45738095238095233,0.5098904057300492,0.880188679245283
within,fastjson,adaboostBorderlineSMOTE,525.0,7.0,4.0,8.0,0.65,0.65,0.9796632996632997,0.027609427609427604,0.6333333333333333,0.6321811719007211,0.8735849056603773
within,fastjson,adaboostSMOTE,521.0,11.0,4.0,8.0,0.6333333333333333,0.65,0.9722558922558923,0.035016835016835016,0.6166666666666666,0.6167776127023601,0.8820754716981132
within,fastjson,adaboostrandomover,522.0,10.0,5.0,7.0,0.55,0.6,0.9723569023569023,0.03127946127946128,0.5666666666666667,0.5575476270839196,0.8641509433962264
within,fastjson,adaboost,527.0,5.0,6.0,6.0,0.55,0.5,0.9796969696969697,0.020235690235690235,0.5,0.503678752542924,0.8764150943396226
within,fastjson,adaboostADASYN,523.0,9.0,5.0,7.0,0.55,0.6,0.9742087542087541,0.029427609427609424,0.55,0.5503472695196603,0.8830188679245282
within,fastjson,MLPBorderlineSMOTE,519.0,13.0,3.0,9.0,0.575,0.75,0.9704377104377105,0.040538720538720534,0.6033333333333334,0.6195895186579848,0.8943396226415092
within,fastjson,MLPSMOTE,513.0,19.0,3.0,9.0,0.43666666666666665,0.75,0.9593602693602692,0.051616161616161615,0.49333333333333335,0.5245721486305087,0.9056603773584906
within,fastjson,MLPrandomover,517.0,15.0,3.0,9.0,0.4916666666666666,0.75,0.9667676767676767,0.044208754208754204,0.54,0.5654100004112352,0.8849056603773585
within,fastjson,MLP,528.0,4.0,11.0,1.0,0.1,0.1,0.9723905723905724,0.009225589225589225,0.1,0.09353255280213779,0.8764150943396226
within,fastjson,MLPADASYN,509.0,23.0,3.0,9.0,0.3616666666666667,0.75,0.9520202020202021,0.058956228956228963,0.4319047619047619,0.4715150623801893,0.9132075471698113
within,struts,naiveBayesBorderlineSMOTE,2421.0,152.0,2.0,2.0,0.005070603337612323,0.2,0.9402618164268693,0.05973818357313064,0.009890109890109888,0.027144581816768865,0.3381322957198444
within,struts,naiveBayesSMOTE,2450.0,123.0,2.0,2.0,0.008712121212121213,0.2,0.9515006183452478,0.048499381654752205,0.016695652173913045,0.03750866840730908,0.3389105058365759
within,struts,naiveBayesrandomover,2507.0,66.0,2.0,2.0,0.0225,0.2,0.9736102313516122,0.02638976864838778,0.0404040404040404,0.06407215154183363,0.33852140077821014
within,struts,naiveBayes,2573.0,0.0,4.0,0.0,0.0,0.0,0.9984496124031008,0.0,0.0,0.0,0.3389105058365759
within,struts,naiveBayesADASYN,2437.0,136.0,2.0,2.0,0.00972222222222222,0.2,0.9464513015413386,0.05354869845866136,0.018526315789473682,0.039388762159002805,0.33929961089494165
within,struts,decisionTreeBorderlineSMOTE,2568.0,5.0,4.0,0.0,0.0,0.0,0.9965086115886947,0.0019410008144059362,0.0,-0.0003891050583657588,0.29961089494163423
within,struts,decisionTreeSMOTE,2567.0,6.0,4.0,0.0,0.0,0.0,0.996119506530329,0.002330105872771695,0.0,-0.0003891050583657588,0.2992217898832685
within,struts,decisionTreerandomover,2570.0,3.0,3.0,1.0,0.05,0.1,0.9976729104455103,0.0015518957560401773,0.06666666666666667,0.07018386956423119,0.24941634241245136
within,struts,decisionTree,2570.0,3.0,4.0,0.0,0.0,0.0,0.9972853135462854,0.001164298856815371,0.0,-0.0005513513642390386,0.3490272373540856
within,struts,decisionTreeADASYN,2569.0,4.0,4.0,0.0,0.0,0.0,0.9968962084879196,0.00155340391518113,0.0,-0.0003891050583657588,0.24922178988326849
within,struts,randomForestBorderlineSMOTE,2571.0,2.0,4.0,0.0,0.0,0.0,0.9976729104455103,0.000776701957590565,0.0,-0.0003891050583657588,0.34552529182879377
within,struts,randomForestSMOTE,2571.0,2.0,4.0,0.0,0.0,0.0,0.9976729104455103,0.000776701957590565,0.0,-0.0003891050583657588,0.34649805447470816
within,struts,randomForestrandomover,2571.0,2.0,0.0,4.0,0.35,0.4,0.9992232980424095,0.0023270895544897897,0.36666666666666664,0.3705729746225969,0.39961089494163426
within,struts,randomForest,2573.0,0.0,4.0,0.0,0.0,0.0,0.9984496124031008,0.0,0.0,0.0,0.398443579766537
within,struts,randomForestADASYN,2571.0,2.0,4.0,0.0,0.0,0.0,0.9976729104455103,0.000776701957590565,0.0,-0.0003891050583657588,0.34474708171206225
within,struts,SVMBorderlineSMOTE,2478.0,95.0,0.0,4.0,0.033660130718954254,0.4,0.9631375742768377,0.03841281332006154,0.06163742690058479,0.11188463636019233,0.3929961089494164
within,struts,SVMSMOTE,2477.0,96.0,0.0,4.0,0.03233437314319667,0.4,0.9627484692184719,0.038801918378427294,0.05954248366013071,0.11011505819033673,0.39338521400778215
within,struts,SVMrandomover,2471.0,102.0,0.0,4.0,0.03085561497326203,0.4,0.9604168551865593,0.04113353241033994,0.05707070707070707,0.10759576561563325,0.39338521400778215
within,struts,SVM,2573.0,0.0,4.0,0.0,0.0,0.0,0.9984496124031008,0.0,0.0,0.0,0.36459143968871593
within,struts,SVMADASYN,2479.0,94.0,0.0,4.0,0.033227230286053816,0.4,0.9635236630169215,0.03802672457997768,0.061111111111111116,0.11189699847744672,0.39416342412451366
within,struts,adaboostBorderlineSMOTE,2568.0,5.0,3.0,1.0,0.1,0.1,0.9968977166470605,0.0023270895544897897,0.1,0.09944864863576096,0.3964980544747082
within,struts,adaboostSMOTE,2568.0,5.0,3.0,1.0,0.1,0.1,0.9968977166470605,0.0023270895544897897,0.1,0.09944864863576096,0.3976653696498055
within,struts,adaboostrandomover,2570.0,3.0,0.0,4.0,0.3333333333333333,0.4,0.9988357011431847,0.002714686453714596,0.35,0.35750993823774246,0.39961089494163426
within,struts,adaboost,2571.0,2.0,4.0,0.0,0.0,0.0,0.9976729104455103,0.000776701957590565,0.0,-0.0003891050583657588,0.34922178988326846
within,struts,adaboostADASYN,2568.0,5.0,3.0,1.0,0.1,0.1,0.9968977166470605,0.0023270895544897897,0.1,0.09944864863576096,0.39688715953307396
within,struts,MLPBorderlineSMOTE,2513.0,60.0,0.0,4.0,0.04968253968253968,0.4,0.9767125147045516,0.024837872892347602,0.08818181818181818,0.13857983710570418,0.39416342412451366
within,struts,MLPSMOTE,2507.0,66.0,0.0,4.0,0.04690476190476191,0.4,0.9743869333092027,0.027163454287696436,0.08356643356643356,0.13401238228187404,0.3949416342412452
within,struts,MLPrandomover,2513.0,60.0,0.0,4.0,0.051709956709956706,0.4,0.9767155310228335,0.024834856574065697,0.09038461538461538,0.13952629337164493,0.39416342412451366
within,struts,MLP,2573.0,0.0,4.0,0.0,0.0,0.0,0.9984496124031008,0.0,0.0,0.0,0.12023346303501944
within,struts,MLPADASYN,2511.0,62.0,0.0,4.0,0.048571428571428564,0.4,0.975938829065243,0.02561155853165626,0.08636363636363638,0.13683354800133313,0.3949416342412452
within,elasticjoblite,naiveBayesBorderlineSMOTE,147.0,414.0,0.0,3.0,0.006572104018912529,0.3,0.26610275689223056,0.7391604010025062,0.012862318840579711,0.019965232095866307,0.22678571428571428
within,elasticjoblite,naiveBayesSMOTE,147.0,414.0,0.0,3.0,0.006572104018912529,0.3,0.26610275689223056,0.7391604010025062,0.012862318840579711,0.019965232095866307,0.22678571428571428
within,elasticjoblite,naiveBayesrandomover,147.0,414.0,0.0,3.0,0.006572104018912529,0.3,0.26610275689223056,0.7391604010025062,0.012862318840579711,0.019965232095866307,0.22678571428571428
within,elasticjoblite,naiveBayes,561.0,0.0,3.0,0.0,0.0,0.0,0.9947368421052631,0.0,0.0,0.0,0.22678571428571428
within,elasticjoblite,naiveBayesADASYN,146.0,415.0,0.0,3.0,0.006527777777777778,0.3,0.26434837092731833,0.7409147869674186,0.01277728482697427,0.019587686810425532,0.22678571428571428
within,elasticjoblite,decisionTreeBorderlineSMOTE,556.0,5.0,3.0,0.0,0.0,0.0,0.9858395989974937,0.008897243107769423,0.0,-0.0017857142857142857,0.24821428571428572
within,elasticjoblite,decisionTreeSMOTE,556.0,5.0,3.0,0.0,0.0,0.0,0.9858395989974937,0.008897243107769423,0.0,-0.0017857142857142857,0.24821428571428572
within,elasticjoblite,decisionTreerandomover,555.0,6.0,1.0,2.0,0.15,0.2,0.987562656641604,0.01419172932330827,0.16666666666666666,0.1700764888226735,0.24821428571428572
within,elasticjoblite,decisionTree,560.0,1.0,3.0,0.0,0.0,0.0,0.9929824561403509,0.0017543859649122805,0.0,-0.0017857142857142857,0.24821428571428572
within,elasticjoblite,decisionTreeADASYN,556.0,5.0,3.0,0.0,0.0,0.0,0.9858395989974937,0.008897243107769423,0.0,-0.0017857142857142857,0.24821428571428572
within,elasticjoblite,randomForestBorderlineSMOTE,557.0,4.0,3.0,0.0,0.0,0.0,0.987593984962406,0.007142857142857143,0.0,0.0,0.2633928571428571
within,elasticjoblite,randomForestSMOTE,557.0,4.0,3.0,0.0,0.0,0.0,0.987593984962406,0.007142857142857143,0.0,0.0,0.26339285714285715
within,elasticjoblite,randomForestrandomover,554.0,7.0,1.0,2.0,0.15,0.2,0.9858395989974937,0.015914786967418545,0.16666666666666666,0.1700764888226735,0.26339285714285715
within,elasticjoblite,randomForest,561.0,0.0,3.0,0.0,0.0,0.0,0.9947368421052631,0.0,0.0,0.0,0.25803571428571426
within,elasticjoblite,randomForestADASYN,557.0,4.0,3.0,0.0,0.0,0.0,0.987593984962406,0.007142857142857143,0.0,0.0,0.2633928571428571
within,elasticjoblite,SVMBorderlineSMOTE,468.0,93.0,2.0,1.0,0.014285714285714285,0.1,0.831547619047619,0.16669799498746868,0.025,0.02311546994731148,0.24642857142857144
within,elasticjoblite,SVMSMOTE,469.0,92.0,3.0,0.0,0.0,0.0,0.8315162907268171,0.1632205513784461,0.0,-0.016269931258046,0.24642857142857144
within,elasticjoblite,SVMrandomover,461.0,100.0,1.0,2.0,0.02222222222222222,0.2,0.8209899749373433,0.18076441102756893,0.039999999999999994,0.05227222815960608,0.24642857142857144
within,elasticjoblite,SVM,561.0,0.0,3.0,0.0,0.0,0.0,0.9947368421052631,0.0,0.0,0.0,0.2357142857142857
within,elasticjoblite,SVMADASYN,472.0,89.0,1.0,2.0,0.04,0.2,0.8404135338345865,0.1613408521303258,0.06666666666666668,0.07674004891190278,0.24642857142857144
within,elasticjoblite,adaboostBorderlineSMOTE,556.0,5.0,3.0,0.0,0.0,0.0,0.9858395989974937,0.008897243107769423,0.0,-0.0017857142857142857,0.2955357142857143
within,elasticjoblite,adaboostSMOTE,556.0,5.0,3.0,0.0,0.0,0.0,0.9858395989974937,0.008897243107769423,0.0,-0.0017857142857142857,0.2955357142857143
within,elasticjoblite,adaboostrandomover,556.0,5.0,1.0,2.0,0.15,0.2,0.9893483709273184,0.012406015037593985,0.16666666666666666,0.1700764888226735,0.2955357142857143
within,elasticjoblite,adaboost,560.0,1.0,3.0,0.0,0.0,0.0,0.9929824561403509,0.0017543859649122805,0.0,-0.0017857142857142857,0.24553571428571427
within,elasticjoblite,adaboostADASYN,556.0,5.0,3.0,0.0,0.0,0.0,0.9858395989974937,0.008897243107769423,0.0,-0.0017857142857142857,0.2955357142857143
within,elasticjoblite,MLPBorderlineSMOTE,497.0,64.0,3.0,0.0,0.0,0.0,0.881077694235589,0.11365914786967417,0.0,-0.011820819432815323,0.23214285714285712
within,elasticjoblite,MLPSMOTE,497.0,64.0,3.0,0.0,0.0,0.0,0.881077694235589,0.11365914786967417,0.0,-0.011820819432815323,0.23214285714285712
within,elasticjoblite,MLPrandomover,492.0,69.0,1.0,2.0,0.030952380952380953,0.2,0.87578320802005,0.12597117794486218,0.05357142857142857,0.0696739718379847,0.23392857142857143
within,elasticjoblite,MLP,561.0,0.0,3.0,0.0,0.0,0.0,0.9947368421052631,0.0,0.0,0.0,0.11785714285714285
within,elasticjoblite,MLPADASYN,499.0,62.0,3.0,0.0,0.0,0.0,0.8847744360902257,0.10996240601503757,0.0,-0.01335548570998949,0.23392857142857143
within,incubatordubbo,naiveBayesBorderlineSMOTE,164.0,1584.0,0.0,20.0,0.012508357824263888,1.0,0.10410888546481767,0.9072033898305085,0.02470664640315456,0.03335328161462363,0.7354909688013136
within,incubatordubbo,naiveBayesSMOTE,85.0,1663.0,0.0,20.0,0.011890813519638523,1.0,0.059386235233692866,0.9519260400616332,0.023502000995583826,0.023240726846406448,0.7400607553366173
within,incubatordubbo,naiveBayesrandomover,76.0,1672.0,0.0,20.0,0.011826159453195335,1.0,0.05429506933744223,0.9570172059578839,0.02337573947600074,0.021893701554054606,0.744055829228243
within,incubatordubbo,naiveBayes,1748.0,0.0,20.0,0.0,0.0,0.0,0.9886877247046739,0.0,0.0,0.0,0.7432019704433497
within,incubatordubbo,naiveBayesADASYN,116.0,1632.0,0.0,20.0,0.012120650271402675,1.0,0.07691319979455573,0.9343990755007704,0.023950668321629665,0.027440880730689517,0.739208538587849
within,incubatordubbo,decisionTreeBorderlineSMOTE,1734.0,14.0,16.0,4.0,0.15833333333333333,0.2,0.9830219568567026,0.010185541859270671,0.17333333333333334,0.16914620506429506,0.7369786535303777
within,incubatordubbo,decisionTreeSMOTE,1734.0,14.0,16.0,4.0,0.275,0.2,0.9830187467899332,0.010188751926040062,0.21666666666666665,0.22001888648590354,0.7411223316912972
within,incubatordubbo,decisionTreerandomover,1729.0,19.0,12.0,8.0,0.24,0.4,0.9824698253723676,0.015276707755521313,0.29380952380952385,0.29959602887877085,0.6948472906403941
within,incubatordubbo,decisionTree,1742.0,6.0,15.0,5.0,0.25,0.25,0.9881227529532615,0.006221109399075502,0.25,0.24633375010658218,0.7655500821018063
within,incubatordubbo,decisionTreeADASYN,1732.0,16.0,16.0,4.0,0.15833333333333333,0.2,0.9818952234206473,0.011312275295326144,0.17333333333333334,0.16800796585588562,0.6901223316912971
within,incubatordubbo,randomForestBorderlineSMOTE,1737.0,11.0,16.0,4.0,0.19166666666666668,0.2,0.9847200821777093,0.008493836671802774,0.175,0.18066187119379476,0.916064039408867
within,incubatordubbo,randomForestSMOTE,1736.0,12.0,15.0,5.0,0.3,0.25,0.9847265023112481,0.009617360041088855,0.25,0.2561028738274383,0.8943711001642036
within,incubatordubbo,randomForestnearmissunder1,470.0,1278.0,6.0,14.0,0.010843140935774499,0.7,0.273802645095018,0.7307171289162815,0.021354491623016857,-0.007642740505532979,0.6013628899835796
within,incubatordubbo,randomForestrandomunder,1307.0,441.0,3.0,17.0,0.04027174816565355,0.85,0.748828325629173,0.25909411915767844,0.07671517069622805,0.15010124360974544,0.8846765188834155
within,incubatordubbo,randomForestrandomover,1736.0,12.0,12.0,8.0,0.41666666666666663,0.4,0.9864214175654855,0.011325115562403698,0.375,0.38665418584894806,0.7849573070607553
within,incubatordubbo,randomForest,1744.0,4.0,17.0,3.0,0.25,0.15,0.9881227529532615,0.003961222393425784,0.1833333333333333,0.1880243521214287,0.8961937602627257
within,incubatordubbo,randomForestnearmissunder2,116.0,1632.0,1.0,19.0,0.011465372088781501,0.95,0.07634501797637391,0.9338373138161273,0.022657084276363912,0.012841516631520033,0.593733169129721
within,incubatordubbo,randomForestADASYN,1738.0,10.0,14.0,6.0,0.4083333333333333,0.3,0.9864214175654853,0.009052388289676425,0.3233333333333333,0.33308441514519405,0.8908029556650245
within,incubatordubbo,randomForestnearmissunder3,665.0,1083.0,3.0,17.0,0.015396153950530844,0.85,0.38575051361068313,0.6221655110426296,0.03024111212988685,0.05091112026248666,0.6568916256157635
within,incubatordubbo,SVMBorderlineSMOTE,1340.0,408.0,6.0,14.0,0.035185766777000485,0.7,0.7658288392398561,0.238697354904982,0.06686035768742536,0.1192795744468226,0.7727175697865353
within,incubatordubbo,SVMSMOTE,1347.0,401.0,7.0,13.0,0.03197875018562509,0.65,0.7692218798151,0.2341743708269132,0.060872563644831124,0.10602147870231235,0.7778341543513956
within,incubatordubbo,SVMrandomover,1331.0,417.0,8.0,12.0,0.027961685307056977,0.6,0.7595916795069338,0.24266178736517716,0.0533794023827755,0.08910421898660577,0.778111658456486
within,incubatordubbo,SVM,1748.0,0.0,20.0,0.0,0.0,0.0,0.9886877247046739,0.0,0.0,0.0,0.774927750410509
within,incubatordubbo,SVMADASYN,1342.0,406.0,9.0,11.0,0.026784147146412134,0.55,0.7652510272213664,0.23587249614791989,0.0510291186467657,0.07984005269249782,0.7795615763546797
within,incubatordubbo,adaboostBorderlineSMOTE,1716.0,32.0,10.0,10.0,0.2525,0.5,0.9762390857729841,0.023767334360554702,0.3188095238095238,0.33569046363944804,0.8595139573070607
within,incubatordubbo,adaboostSMOTE,1678.0,70.0,10.0,10.0,0.12270562770562772,0.5,0.9547348484848486,0.04527157164869029,0.19457875457875456,0.22976370885004652,0.8632594417077175
within,incubatordubbo,adaboostrandomover,1699.0,49.0,7.0,13.0,0.2253571428571429,0.65,0.9683326913199795,0.035063559322033894,0.3330952380952381,0.3698943515330399,0.8802454844006566
within,incubatordubbo,adaboost,1745.0,3.0,15.0,5.0,0.4,0.25,0.9898144581407292,0.004522984078068824,0.3,0.3095752300153321,0.8815320197044334
within,incubatordubbo,adaboostADASYN,1685.0,63.0,9.0,11.0,0.16953102453102453,0.55,0.9592546224961479,0.041881741140215714,0.24887168387168387,0.28325744234431305,0.8692545155993431
within,incubatordubbo,MLPBorderlineSMOTE,1661.0,87.0,8.0,12.0,0.13167027417027416,0.6,0.9462634822804314,0.055996404725218274,0.21325618825618825,0.2616397404557064,0.857096880131363
within,incubatordubbo,MLPSMOTE,1499.0,249.0,7.0,13.0,0.049193786747179405,0.65,0.8552035182331791,0.1481927324088341,0.09138455526604193,0.15025025524950608,0.7944827586206896
within,incubatordubbo,MLPrandomover,1444.0,304.0,5.0,15.0,0.04837793083998017,0.75,0.8252182845403185,0.18043785310734464,0.0907361966080745,0.16052900455273644,0.7947454844006568
within,incubatordubbo,MLP,1748.0,0.0,20.0,0.0,0.0,0.0,0.9886877247046739,0.0,0.0,0.0,0.33974384236453203
within,incubatordubbo,MLPADASYN,1475.0,273.0,6.0,14.0,0.05057051305881697,0.7,0.8421674370826914,0.1623587570621469,0.0939877633332652,0.15837873048550763,0.8021855500821019
within,idFlakies,naiveBayesBorderlineSMOTE,9740.0,14266.0,57.0,169.0,0.014451868385404637,0.7476284584980237,0.4089155732535696,0.5957064211373676,0.0275568157229601,0.03622754130634463,0.6885881345964215
within,idFlakies,naiveBayesSMOTE,21681.0,2325.0,166.0,60.0,0.02531267208233029,0.26600790513833994,0.897202398221663,0.09842330240040101,0.04613339156758493,0.054612692252637894,0.6929424259297975
within,idFlakies,naiveBayesrandomover,21803.0,2203.0,167.0,59.0,0.02612074345999781,0.2616600790513834,0.9021958159497336,0.09334737642150512,0.04741345514955223,0.05597888432480055,0.6915469309971307
within,idFlakies,naiveBayes,24006.0,0.0,226.0,0.0,0.0,0.0,0.9906735029673005,0.0,0.0,0.0,0.6919044872607427
within,idFlakies,naiveBayesADASYN,258.0,23748.0,0.0,226.0,0.009428432253819513,1.0,0.019972666375180647,0.9893538306575189,0.018680616731118184,0.009056354966265988,0.6151373474573342
within,idFlakies,decisionTreeBorderlineSMOTE,23918.0,88.0,90.0,136.0,0.6173937140164321,0.6021739130434783,0.9926543479771007,0.009244159042400318,0.6009574314574315,0.6016838251245579,0.8736076342531851
within,idFlakies,decisionTreeSMOTE,23860.0,146.0,80.0,146.0,0.5042255843048681,0.6470355731225296,0.9906734859412477,0.01205030789913494,0.5640099695300339,0.5652356531683834,0.8514559144562076
within,idFlakies,decisionTreerandomover,23903.0,103.0,72.0,154.0,0.6024689915818948,0.6822134387351779,0.9927780933272856,0.010605902728118457,0.6366674395320444,0.6359174446196314,0.839395353049262
within,idFlakies,decisionTree,23962.0,44.0,106.0,120.0,0.7344319715372347,0.5312252964426877,0.9938098721139138,0.0067679921108082745,0.6104331432308476,0.6185415783293824,0.8491075501588876
within,idFlakies,decisionTreeADASYN,23873.0,133.0,85.0,141.0,0.5077635812463399,0.6252964426877471,0.9910037573092844,0.011307427172762674,0.5586018743756987,0.5581114242735683,0.8489393207512901
within,idFlakies,randomForestBorderlineSMOTE,23945.0,61.0,88.0,138.0,0.6895336134453781,0.6112648221343873,0.9938510921872213,0.008212397281824758,0.6441576990550271,0.6442278062532583,0.9535217562099456
within,idFlakies,randomForestSMOTE,23944.0,62.0,79.0,147.0,0.703272820174994,0.6515810276679842,0.9941812443728896,0.00862509177042343,0.6707585268441949,0.6712064040393418,0.9546751932522627
within,idFlakies,randomForestnearmissunder1,1540.0,22466.0,7.0,219.0,0.00969016144685366,0.9695652173913045,0.07259214159137747,0.9361566274250206,0.01918737978844728,0.010923332853455947,0.7032604228228356
within,idFlakies,randomForestrandomunder,21509.0,2497.0,34.0,192.0,0.0724524419431669,0.8505928853754939,0.8955509903033224,0.11096944300290534,0.13335992951894296,0.22965013466794168,0.9362302299862432
within,idFlakies,randomForestrandomover,23937.0,69.0,70.0,156.0,0.6927811238207658,0.690909090909091,0.9942637526237148,0.009285328037549936,0.6872760852752017,0.6867120696381197,0.9386066915190696
within,idFlakies,randomForest,23978.0,28.0,96.0,130.0,0.8208638016610154,0.576086956521739,0.9948828539477969,0.006520433306227857,0.6702789343643748,0.6817291144667132,0.9485195033264576
within,idFlakies,randomForestnearmissunder2,1389.0,22617.0,0.0,226.0,0.009894143613802385,1.0,0.06664718886250985,0.9426793081701899,0.019594312025876463,0.02391291967866469,0.5376930240213371
within,idFlakies,randomForestADASYN,23946.0,60.0,80.0,146.0,0.7035104077209341,0.6470355731225296,0.9942225666025125,0.008501227237870298,0.6695854317199099,0.6695569910756705,0.9486635800767027
within,idFlakies,randomForestnearmissunder3,14193.0,9813.0,43.0,183.0,0.0182968836196982,0.8102766798418971,0.5932619396896356,0.4125155788381149,0.03577920341626071,0.0784645040688903,0.8072024983482947
within,idFlakies,SVMBorderlineSMOTE,16769.0,7237.0,100.0,126.0,0.01716664254495665,0.5565217391304349,0.697221450374505,0.30385125904253657,0.03328947477826273,0.05356445141979817,0.6763339502534901
within,idFlakies,SVMSMOTE,18811.0,5195.0,117.0,109.0,0.020592276112780826,0.4826086956521739,0.7807861166843055,0.2188837481560785,0.03948880850541413,0.06191898756588281,0.6991237717156719
within,idFlakies,SVMrandomover,18774.0,5232.0,118.0,108.0,0.02023658196522438,0.4780632411067193,0.7792181704757353,0.22036915206171875,0.03881779602476244,0.060311637717470626,0.7053897254190858
within,idFlakies,SVM,24006.0,0.0,226.0,0.0,0.0,0.0,0.9906735029673005,0.0,0.0,0.0,0.6444542938575769
within,idFlakies,SVMADASYN,16062.0,7944.0,112.0,114.0,0.014273771240136842,0.5053359683794467,0.6675466071163452,0.33253596923869033,0.02775809444648276,0.035749922755100555,0.6196197060376138
within,idFlakies,adaboostBorderlineSMOTE,21909.0,2097.0,68.0,158.0,0.07014038834484673,0.6996047430830039,0.9106553804369295,0.0930587507780906,0.12735359049629863,0.20233690469347837,0.8630278254380723
within,idFlakies,adaboostSMOTE,21549.0,2457.0,57.0,169.0,0.06433250309307514,0.7480237154150197,0.896252957425334,0.10836917317402397,0.11845483514715831,0.1995440897956277,0.8825207819919128
within,idFlakies,adaboostrandomover,21299.0,2707.0,53.0,173.0,0.06005185877893373,0.7662055335968379,0.8861008500767534,0.11885141568222031,0.1113602777086498,0.19392141296936954,0.9005852780654087
within,idFlakies,adaboost,24005.0,1.0,203.0,23.0,0.95,0.10177865612648221,0.9915814001953228,0.0009904395309526825,0.17930402930402928,0.2980629421761569,0.9004821674818189
within,idFlakies,adaboostADASYN,20976.0,3030.0,58.0,168.0,0.05279596224794535,0.7438735177865613,0.8725650871938205,0.13197446705050198,0.09853294837018134,0.17565489618924673,0.8682802756276343
within,idFlakies,MLPBorderlineSMOTE,22532.0,1474.0,101.0,125.0,0.07906837767263984,0.5541501976284586,0.9350032996489908,0.06598717393406694,0.13802758514379854,0.19125310889736297,0.8252879530734614
within,idFlakies,MLPSMOTE,21737.0,2269.0,59.0,167.0,0.06922951652649624,0.7401185770750988,0.9039277570967992,0.10052925484459299,0.12634482817319412,0.206693572082877,0.8805160425305882
within,idFlakies,MLPrandomover,21746.0,2260.0,57.0,169.0,0.07114341124930776,0.7490118577075098,0.9043833402118586,0.10023879038749935,0.1297617702645293,0.21146999412116668,0.8813368871062179
within,idFlakies,MLP,24006.0,0.0,226.0,0.0,0.0,0.0,0.9906735029673005,0.0,0.0,0.0,0.6694068307205112
within,idFlakies,MLPADASYN,20998.0,3008.0,90.0,136.0,0.04336976922462836,0.6019762845849803,0.8721525799918002,0.12974575676717487,0.08083685474128174,0.13636102091125596,0.8081235427541994
within,httprequest,naiveBayesBorderlineSMOTE,29.0,252.0,0.0,28.0,0.10448379012046245,1.0,0.18408602150537634,0.9064516129032258,0.18830213903743317,0.054951827445771914,0.8303776683087027
within,httprequest,naiveBayesSMOTE,156.0,125.0,0.0,28.0,0.18634188695721204,1.0,0.5951612903225806,0.49537634408602144,0.3126424014581909,0.32084798970800604,0.8149014778325123
within,httprequest,naiveBayesrandomover,155.0,126.0,0.0,28.0,0.18505983567516077,1.0,0.5919354838709678,0.49860215053763446,0.31073763955342903,0.318704834252919,0.8149014778325123
within,httprequest,naiveBayes,281.0,0.0,28.0,0.0,0.0,0.0,0.9094623655913978,0.0,0.0,0.0,0.81252052545156
within,httprequest,naiveBayesADASYN,0.0,281.0,0.0,28.0,0.09053763440860216,1.0,0.09053763440860216,1.0,0.16579768270944742,0.0,0.8563218390804599
within,httprequest,decisionTreeBorderlineSMOTE,279.0,2.0,4.0,24.0,0.95,0.8666666666666666,0.9806451612903226,0.08408602150537635,0.8871428571428572,0.888501956506573,0.9297619047619048
within,httprequest,decisionTreeSMOTE,278.0,3.0,3.0,25.0,0.9166666666666666,0.9,0.9806451612903226,0.09053763440860216,0.8880952380952379,0.8889565860516621,0.9446428571428571
within,httprequest,decisionTreerandomover,280.0,1.0,1.0,27.0,0.9666666666666666,0.9666666666666666,0.9935483870967742,0.09053763440860216,0.9666666666666666,0.9630952380952381,0.981547619047619
within,httprequest,decisionTree,278.0,3.0,3.0,25.0,0.9083333333333332,0.9,0.9805376344086023,0.09064516129032259,0.8823809523809525,0.8840929521983133,0.9446428571428571
within,httprequest,decisionTreeADASYN,277.0,4.0,4.0,24.0,0.9,0.8666666666666666,0.9739784946236559,0.09075268817204302,0.8538095238095238,0.8566404708934978,0.9279761904761905
within,httprequest,randomForestBorderlineSMOTE,281.0,0.0,4.0,24.0,1.0,0.8666666666666666,0.9870967741935484,0.07763440860215053,0.9099999999999999,0.9162364465194225,0.9976190476190476
within,httprequest,randomForestSMOTE,280.0,1.0,3.0,25.0,0.9666666666666666,0.9,0.9870967741935484,0.08408602150537635,0.9166666666666666,0.9188725731975097,0.9988095238095237
within,httprequest,randomForestnearmissunder1,257.0,24.0,2.0,26.0,0.6230769230769231,0.9333333333333332,0.9159139784946237,0.16172043010752687,0.7232142857142857,0.7153597239147232,0.975
within,httprequest,randomForestrandomunder,255.0,26.0,0.0,28.0,0.5925,1.0,0.9158064516129032,0.17473118279569894,0.7185564435564435,0.7242400146464245,0.9827380952380953
within,httprequest,randomForestrandomover,280.0,1.0,3.0,25.0,0.9666666666666666,0.9,0.9870967741935484,0.08408602150537635,0.9166666666666666,0.9188725731975097,0.9988095238095237
within,httprequest,randomForest,280.0,1.0,5.0,23.0,0.8666666666666666,0.8333333333333333,0.9806451612903226,0.07763440860215053,0.8466666666666667,0.8433247938038135,0.9952380952380953
within,httprequest,randomForestnearmissunder2,241.0,40.0,1.0,27.0,0.44869047619047614,0.9666666666666666,0.8674193548387097,0.21666666666666665,0.5982522706052117,0.6009073006290676,0.9797619047619047
within,httprequest,randomForestADASYN,280.0,1.0,4.0,24.0,0.9666666666666666,0.8666666666666666,0.9838709677419356,0.08086021505376344,0.8966666666666667,0.8991021289060852,0.9952380952380953
within,httprequest,randomForestnearmissunder3,276.0,5.0,1.0,27.0,0.8766666666666666,0.9666666666666666,0.9806451612903226,0.10344086021505376,0.913095238095238,0.9078212536786083,0.9928571428571429
within,httprequest,SVMBorderlineSMOTE,216.0,65.0,2.0,26.0,0.30158730158730157,0.9333333333333332,0.7831182795698924,0.294516129032258,0.4490170613700025,0.45104095633388297,0.8800082101806239
within,httprequest,SVMSMOTE,200.0,81.0,4.0,24.0,0.23651515151515148,0.8666666666666666,0.7248387096774194,0.33989247311827964,0.3685714285714286,0.35209346267382813,0.873399014778325
within,httprequest,SVMrandomover,200.0,81.0,4.0,24.0,0.23545454545454542,0.8666666666666666,0.7248387096774194,0.33989247311827964,0.36702297702297704,0.35152577747384617,0.868103448275862
within,httprequest,SVM,280.0,1.0,28.0,0.0,0.0,0.0,0.906236559139785,0.0032258064516129032,0.0,-0.005976143046671969,0.878694581280788
within,httprequest,SVMADASYN,239.0,42.0,3.0,25.0,0.4136507936507936,0.9,0.854516129032258,0.21666666666666665,0.5561011211011211,0.544110083015677,0.881855500821018
within,httprequest,adaboostBorderlineSMOTE,277.0,4.0,2.0,26.0,0.875,0.9333333333333332,0.9806451612903226,0.09698924731182795,0.8971428571428571,0.8909427852225568,0.9916666666666668
within,httprequest,adaboostSMOTE,278.0,3.0,1.0,27.0,0.9166666666666666,0.9666666666666666,0.9870967741935484,0.09698924731182795,0.9380952380952381,0.9331792509493904,0.9904761904761905
within,httprequest,adaboostrandomover,277.0,4.0,2.0,26.0,0.8833333333333332,0.9333333333333332,0.9806451612903226,0.09698924731182795,0.9047619047619048,0.8962744890446285,0.9892857142857142
within,httprequest,adaboost,280.0,1.0,6.0,22.0,0.85,0.8,0.9774193548387096,0.07440860215053763,0.82,0.8160463216499038,0.9785714285714286
within,httprequest,adaboostADASYN,278.0,3.0,1.0,27.0,0.9166666666666666,0.9666666666666666,0.9870967741935484,0.09698924731182795,0.9380952380952381,0.9331792509493904,0.9916666666666668
within,httprequest,MLPBorderlineSMOTE,221.0,60.0,5.0,23.0,0.274516317016317,0.8,0.7896774193548387,0.26817204301075265,0.3938769563769564,0.3829395513875034,0.8768472906403939
within,httprequest,MLPSMOTE,184.0,97.0,3.0,25.0,0.22477770595417654,0.9,0.6759139784946238,0.39526881720430107,0.35110833610833614,0.3391094312895296,0.8339490968801314
within,httprequest,MLPrandomover,206.0,75.0,3.0,25.0,0.27246031746031746,0.9,0.7476344086021506,0.3235483870967742,0.4112354312354312,0.401767276100121,0.8540640394088671
within,httprequest,MLP,280.0,1.0,28.0,0.0,0.0,0.0,0.906236559139785,0.0032258064516129032,0.0,-0.005976143046671969,0.8719211822660098
within,httprequest,MLPADASYN,230.0,51.0,0.0,28.0,0.38387057387057383,1.0,0.8351612903225807,0.25537634408602145,0.5449808524808524,0.5574897599612377,0.8785303776683087
within,hadoop,naiveBayesBorderlineSMOTE,6712.0,6068.0,8.0,50.0,0.00838460613580256,0.86,0.5267150346127043,0.4765563576411399,0.0166020888286968,0.052521504749476845,0.765547730829421
within,hadoop,naiveBayesSMOTE,5794.0,6986.0,6.0,52.0,0.007915108072811417,0.8933333333333333,0.4553691576644498,0.5482137610691453,0.015683218763316756,0.048216898927243235,0.7913432446531039
within,hadoop,naiveBayesrandomover,6239.0,6541.0,8.0,50.0,0.00810551382678069,0.86,0.48987053318861795,0.5134008590652264,0.016050175404979463,0.04839748816589874,0.7892931664058425
within,hadoop,naiveBayes,12780.0,0.0,58.0,0.0,0.0,0.0,0.9954822590161786,0.0,0.0,0.0,0.7880229525299949
within,hadoop,naiveBayesADASYN,268.0,12512.0,0.0,58.0,0.004617111694284892,1.0,0.025394932049348902,0.9791228089344726,0.00919156805226464,0.007411329857578688,0.6492201356285863
within,hadoop,decisionTreeBorderlineSMOTE,12766.0,14.0,25.0,33.0,0.7088095238095238,0.5733333333333333,0.9969621919032251,0.0036611038672503837,0.6230303030303029,0.6304596138682,0.8353195096504956
within,hadoop,decisionTreeSMOTE,12747.0,33.0,25.0,33.0,0.5307539682539683,0.5700000000000001,0.9954823804216654,0.005140793943323061,0.5366666666666666,0.5412709824561613,0.8082003129890454
within,hadoop,decisionTreerandomover,12758.0,22.0,23.0,35.0,0.6759920634920634,0.6066666666666666,0.9964949628863427,0.004439859363883809,0.6171978021978022,0.6274108629684584,0.8026604068857589
within,hadoop,decisionTree,12759.0,21.0,22.0,36.0,0.6939682539682539,0.62,0.9966506654234744,0.004439798661140288,0.6216727716727717,0.6372734024047207,0.8684298382889931
within,hadoop,decisionTreeADASYN,12742.0,38.0,26.0,32.0,0.46984126984126984,0.5533333333333335,0.9950150299992957,0.005452381125817362,0.49842490842490844,0.5025136234220536,0.826268909754825
within,hadoop,randomForestBorderlineSMOTE,12775.0,5.0,24.0,34.0,0.8666666666666666,0.59,0.9977412509135763,0.0030378080967747413,0.6842424242424243,0.7043019245306614,0.9519287949921752
within,hadoop,randomForestSMOTE,12770.0,10.0,22.0,36.0,0.8119047619047619,0.6233333333333333,0.9975076060537633,0.003582979436338604,0.691037296037296,0.7029232403878836,0.9559467918622848
within,hadoop,randomForestnearmissunder1,2196.0,10584.0,3.0,55.0,0.005184925723085053,0.95,0.1753384784978742,0.828711972766321,0.010313115886080377,0.02120161153068923,0.8437702138758476
within,hadoop,randomForestrandomunder,11319.0,1461.0,10.0,48.0,0.033804998174500216,0.8266666666666668,0.8854120987852167,0.11754776698887684,0.06477741221999386,0.15207894967702568,0.9183515910276473
within,hadoop,randomForestrandomover,12766.0,14.0,22.0,36.0,0.7771428571428572,0.6233333333333333,0.9971959581685255,0.0038946273215764255,0.6664085914085914,0.681289703185529,0.9354929577464789
within,hadoop,randomForest,12777.0,3.0,22.0,36.0,0.9466666666666667,0.6233333333333333,0.9980527166905835,0.003037868799518263,0.7202380952380951,0.74856451837461,0.9446452790818988
within,hadoop,randomForestnearmissunder2,1108.0,11672.0,1.0,57.0,0.004858021435947474,0.9833333333333334,0.0907451990200149,0.9136167787239312,0.009667987972809333,0.017457725843892363,0.7800195618153365
within,hadoop,randomForestADASYN,12774.0,6.0,23.0,35.0,0.8800000000000001,0.6066666666666666,0.9977412509135763,0.0031935713366501315,0.7032828282828284,0.7215333810039046,0.9530685967657797
within,hadoop,randomForestnearmissunder3,9623.0,3157.0,15.0,43.0,0.017706224410106393,0.7466666666666666,0.7529196198551389,0.24926155112506465,0.03413930739137063,0.08745076671818648,0.8720239958268128
within,hadoop,SVMBorderlineSMOTE,10841.0,1939.0,26.0,32.0,0.016125208424687988,0.5566666666666666,0.8469381536167908,0.15352937891380938,0.03132880962127983,0.0744690676770311,0.7488419405320814
within,hadoop,SVMSMOTE,10599.0,2181.0,13.0,45.0,0.020061619124122528,0.7733333333333333,0.8291021700016753,0.1733902846473049,0.039102588475714385,0.10650621936197482,0.8310067814293166
within,hadoop,SVMrandomover,10660.0,2120.0,13.0,45.0,0.02062532884134239,0.7733333333333333,0.8338537379535405,0.16863871669543976,0.04017313760454335,0.10853787142966857,0.8375195618153365
within,hadoop,SVM,12780.0,0.0,58.0,0.0,0.0,0.0,0.9954822590161786,0.0,0.0,0.0,0.8186411058946271
within,hadoop,SVMADASYN,9483.0,3297.0,31.0,27.0,0.008135489194813692,0.47000000000000003,0.740771301199729,0.25891729372600725,0.015990045254560124,0.032115885585602535,0.6311345852895147
within,hadoop,adaboostBorderlineSMOTE,12667.0,113.0,19.0,39.0,0.2989060434786643,0.6733333333333332,0.9897173801667141,0.011840495043013963,0.3991235650604411,0.4349905438969025,0.9100365153886282
within,hadoop,adaboostSMOTE,12471.0,309.0,12.0,46.0,0.13415387862036288,0.7933333333333333,0.9749956294024665,0.027652709891876272,0.22756797925792757,0.31770466307916584,0.9245957224830464
within,hadoop,adaboostrandomover,12373.0,407.0,9.0,49.0,0.1092672831613097,0.8433333333333334,0.9675959042644893,0.03551972474947977,0.19274640976408014,0.29552957987928946,0.9413667188315076
within,hadoop,adaboost,12777.0,3.0,30.0,28.0,0.9416666666666667,0.4866666666666665,0.9974296030283385,0.0024147551372731843,0.616904761904762,0.6603819703444047,0.942034428794992
within,hadoop,adaboostADASYN,12263.0,517.0,15.0,43.0,0.08164989958252848,0.7433333333333334,0.9585604829995897,0.043620566575126925,0.14560537119504122,0.2348695785880392,0.9156950965049557
within,hadoop,MLPBorderlineSMOTE,12556.0,224.0,23.0,35.0,0.17578425900274638,0.6033333333333334,0.9807592941970606,0.020175406647678848,0.2605154286425283,0.3094723140809707,0.8438210745957224
within,hadoop,MLPSMOTE,12230.0,550.0,15.0,43.0,0.07259486692482316,0.74,0.9559916642992597,0.04618926386996986,0.13186068526290184,0.2221854693137526,0.9094392279603547
within,hadoop,MLPrandomover,12312.0,468.0,11.0,47.0,0.09591227907866916,0.8066666666666666,0.962689180100184,0.04011480102854729,0.170383425940626,0.2684365245248733,0.9231298904538342
within,hadoop,MLP,12780.0,0.0,58.0,0.0,0.0,0.0,0.9954822590161786,0.0,0.0,0.0,0.7814580073030778
within,hadoop,MLPADASYN,12027.0,753.0,23.0,35.0,0.04881606183179622,0.6066666666666666,0.9395574891402791,0.06137733310994723,0.08963486980163862,0.15828555636881633,0.8362519561815336
within,querydsl,naiveBayesBorderlineSMOTE,1835.0,88.0,2.0,1.0,0.01,0.1,0.9532491364421416,0.04623272884283247,0.01818181818181818,0.030872722588071173,0.2955729166666667
within,querydsl,naiveBayesSMOTE,1819.0,104.0,0.0,3.0,0.03111111111111111,0.3,0.9459979490500864,0.05555645509499137,0.05636363636363637,0.09437694552189438,0.2955729166666667
within,querydsl,naiveBayesrandomover,1823.0,100.0,0.0,3.0,0.03111111111111111,0.3,0.9480812823834197,0.05347312176165804,0.05636363636363637,0.09437694552189438,0.29557291666666663
within,querydsl,naiveBayes,1923.0,0.0,3.0,0.0,0.0,0.0,0.9984455958549223,0.0,0.0,0.0,0.2955729166666667
within,querydsl,naiveBayesADASYN,1817.0,106.0,0.0,3.0,0.03111111111111111,0.3,0.9449616796200345,0.05659272452504317,0.05636363636363637,0.09437694552189438,0.2955729166666667
within,querydsl,decisionTreeBorderlineSMOTE,1921.0,2.0,3.0,0.0,0.0,0.0,0.997406627806563,0.0010389680483592401,0.0,0.0,0.15
within,querydsl,decisionTreeSMOTE,1921.0,2.0,3.0,0.0,0.0,0.0,0.9974093264248705,0.0010362694300518134,0.0,0.0,0.15
within,querydsl,decisionTreerandomover,1921.0,2.0,3.0,0.0,0.0,0.0,0.9974093264248705,0.0010362694300518134,0.0,0.0,0.15
within,querydsl,decisionTree,1923.0,0.0,3.0,0.0,0.0,0.0,0.9984455958549223,0.0,0.0,0.0,0.14973958333333331
within,querydsl,decisionTreeADASYN,1921.0,2.0,3.0,0.0,0.0,0.0,0.9974093264248705,0.0010362694300518134,0.0,0.0,0.15
within,querydsl,randomForestBorderlineSMOTE,1923.0,0.0,3.0,0.0,0.0,0.0,0.9984455958549223,0.0,0.0,0.0,0.29765625
within,querydsl,randomForestSMOTE,1921.0,2.0,3.0,0.0,0.0,0.0,0.9974093264248705,0.0010362694300518134,0.0,0.0,0.2986979166666667
within,querydsl,randomForestrandomover,1920.0,3.0,3.0,0.0,0.0,0.0,0.9968911917098445,0.0015544041450777201,0.0,-0.0005208333333333333,0.14921875
within,querydsl,randomForest,1923.0,0.0,3.0,0.0,0.0,0.0,0.9984455958549223,0.0,0.0,0.0,0.29713541666666665
within,querydsl,randomForestADASYN,1921.0,2.0,3.0,0.0,0.0,0.0,0.9974093264248705,0.0010362694300518134,0.0,0.0,0.2986979166666667
within,querydsl,SVMBorderlineSMOTE,1888.0,35.0,3.0,0.0,0.0,0.0,0.9802677029360967,0.018177892918825562,0.0,-0.0005208333333333333,0.2986979166666667
within,querydsl,SVMSMOTE,1833.0,90.0,1.0,2.0,0.021111111111111112,0.2,0.9527498920552677,0.0477682426597582,0.038181818181818185,0.06298338960048987,0.2971354166666667
within,querydsl,SVMrandomover,1825.0,98.0,0.0,3.0,0.03111111111111111,0.3,0.9491229490500863,0.052431455094991364,0.05636363636363637,0.09437694552189438,0.29765625
within,querydsl,SVM,1923.0,0.0,3.0,0.0,0.0,0.0,0.9984455958549223,0.0,0.0,0.0,0.29817708333333337
within,querydsl,SVMADASYN,1833.0,90.0,1.0,2.0,0.021111111111111112,0.2,0.9527498920552677,0.0477682426597582,0.038181818181818185,0.06298338960048987,0.2971354166666667
within,querydsl,adaboostBorderlineSMOTE,1922.0,1.0,3.0,0.0,0.0,0.0,0.9979274611398964,0.0005181347150259067,0.0,0.0,0.27317708333333335
within,querydsl,adaboostSMOTE,1920.0,3.0,2.0,1.0,0.05,0.1,0.997406627806563,0.0020752374784110536,0.06666666666666667,0.07052629533254481,0.2677083333333333
within,querydsl,adaboostrandomover,1922.0,1.0,3.0,0.0,0.0,0.0,0.9979274611398964,0.0005181347150259067,0.0,0.0,0.2921875
within,querydsl,adaboost,1922.0,1.0,3.0,0.0,0.0,0.0,0.9979274611398964,0.0005181347150259067,0.0,0.0,0.29765625
within,querydsl,adaboostADASYN,1920.0,3.0,2.0,1.0,0.05,0.1,0.997406627806563,0.0020752374784110536,0.06666666666666667,0.07052629533254481,0.2677083333333333
within,querydsl,MLPBorderlineSMOTE,1904.0,19.0,3.0,0.0,0.0,0.0,0.9885686528497407,0.009876943005181346,0.0,-0.0005208333333333333,0.23098958333333336
within,querydsl,MLPSMOTE,1871.0,52.0,1.0,2.0,0.025396825396825397,0.2,0.972482189119171,0.028035945595854917,0.045,0.06931185746956095,0.29817708333333337
within,querydsl,MLPrandomover,1860.0,63.0,1.0,2.0,0.030000000000000006,0.2,0.9667638169257339,0.03375431778929188,0.051515151515151514,0.07460494941257702,0.29713541666666665
within,querydsl,MLP,1923.0,0.0,3.0,0.0,0.0,0.0,0.9984455958549223,0.0,0.0,0.0,0.23203125
within,querydsl,MLPADASYN,1879.0,44.0,1.0,2.0,0.05333333333333333,0.2,0.9766299654576855,0.02388816925734024,0.08333333333333334,0.10116576329154844,0.29765625
within,admiral,naiveBayesBorderlineSMOTE,198.0,1879.0,0.0,5.0,0.002632709124433143,0.5,0.09751334192123665,0.904885903570114,0.005237827195053903,0.010758494932029287,0.32316169639539205
within,admiral,naiveBayesSMOTE,123.0,1954.0,0.0,5.0,0.0025163075301137513,0.5,0.061513157894736846,0.940886087596614,0.005007376397992586,0.007054616051555681,0.3627194816053512
within,admiral,naiveBayesrandomover,262.0,1815.0,0.0,5.0,0.0028235842219482446,0.5,0.12822506440927492,0.8741741810820759,0.0056153229756178355,0.014278436577791464,0.2580836584912672
within,admiral,naiveBayes,2077.0,0.0,5.0,0.0,0.0,0.0,0.9976007545086493,0.0,0.0,0.0,0.26001602564102566
within,admiral,naiveBayesADASYN,117.0,1960.0,0.0,5.0,0.00252301707501771,0.5,0.05861013986013987,0.9437891056312109,0.005020670906032308,0.0069157706803474215,0.2937070327015979
within,admiral,decisionTreeBorderlineSMOTE,2067.0,10.0,5.0,0.0,0.0,0.0,0.9927930622009569,0.004807692307692307,0.0,-0.0016510347651782539,0.44662532515793385
within,admiral,decisionTreeSMOTE,2068.0,9.0,5.0,0.0,0.0,0.0,0.9932738314317261,0.004326923076923077,0.0,-0.0016510347651782539,0.4478295707915273
within,admiral,decisionTreerandomover,2064.0,13.0,2.0,3.0,0.175,0.3,0.9927976628634523,0.007683106367316894,0.20666666666666664,0.21949293486873267,0.3985553697510219
within,admiral,decisionTree,2076.0,1.0,5.0,0.0,0.0,0.0,0.99711998527788,0.0004807692307692308,0.0,0.0,0.4480722779635823
within,admiral,decisionTreeADASYN,2065.0,12.0,5.0,0.0,0.0,0.0,0.9918315237394184,0.0057692307692307696,0.0,-0.0018527941680376672,0.4473464790040877
within,admiral,randomForestBorderlineSMOTE,2068.0,9.0,5.0,0.0,0.0,0.0,0.9932738314317261,0.004326923076923077,0.0,-0.0016510347651782539,0.49638261798587885
within,admiral,randomForestSMOTE,2066.0,11.0,4.0,1.0,0.05,0.1,0.9927953625322047,0.005766930437983069,0.06666666666666667,0.06889096039229188,0.443003298030472
within,admiral,randomForestrandomover,2066.0,11.0,2.0,3.0,0.18333333333333332,0.3,0.9937569009937433,0.006723868237026131,0.21666666666666665,0.22731160561638936,0.4475880248978076
within,admiral,randomForest,2077.0,0.0,5.0,0.0,0.0,0.0,0.9976007545086493,0.0,0.0,0.0,0.4973464790040877
within,admiral,randomForestADASYN,2065.0,12.0,5.0,0.0,0.0,0.0,0.9918361244019138,0.00576463010673537,0.0,-0.0023325854486028626,0.4430056205871423
within,admiral,SVMBorderlineSMOTE,1732.0,345.0,1.0,4.0,0.011916730986498428,0.4,0.8338056680161945,0.16763203901361795,0.023126220185043712,0.05969230738212662,0.4577770810107766
within,admiral,SVMSMOTE,1712.0,365.0,0.0,5.0,0.014124630450849962,0.5,0.8246641516378357,0.17773509385351488,0.02746526548535157,0.07659759245146744,0.46790807320698624
within,admiral,SVMrandomover,1699.0,378.0,0.0,5.0,0.013011401278410264,0.5,0.8184325542878174,0.18396669120353332,0.025359986131099965,0.07295630058037061,0.46453572092159046
within,admiral,SVM,2077.0,0.0,5.0,0.0,0.0,0.0,0.9976007545086493,0.0,0.0,0.0,0.45004993496841317
within,admiral,SVMADASYN,1695.0,382.0,0.0,5.0,0.01325863678804855,0.5,0.8165025763709975,0.18589666912035333,0.02582742210649187,0.07375896188771511,0.46791271832032705
within,admiral,adaboostBorderlineSMOTE,2057.0,20.0,4.0,1.0,0.05,0.1,0.9884707397865293,0.010091553183658447,0.06666666666666667,0.0686901789396365,0.46691634150873285
within,admiral,adaboostSMOTE,2056.0,21.0,4.0,1.0,0.05,0.1,0.98798997055576,0.010572322414427678,0.06666666666666667,0.0686901789396365,0.45049354329245633
within,admiral,adaboostrandomover,2063.0,14.0,2.0,3.0,0.16999999999999998,0.3,0.992319193963931,0.008161575266838425,0.2,0.21414408039660776,0.4676421404682275
within,admiral,adaboost,2077.0,0.0,5.0,0.0,0.0,0.0,0.9976007545086493,0.0,0.0,0.0,0.4956637866963954
within,admiral,adaboostADASYN,2056.0,21.0,4.0,1.0,0.05,0.1,0.98798997055576,0.010572322414427678,0.06666666666666667,0.0686901789396365,0.45097663507989594
within,admiral,MLPBorderlineSMOTE,1946.0,131.0,0.0,5.0,0.03731893106893107,0.5,0.9370790393816708,0.0653202061096798,0.06938375350140055,0.13216501400684869,0.48095155146785584
within,admiral,MLPSMOTE,1938.0,139.0,1.0,4.0,0.031137283768862718,0.4,0.932756716967243,0.06868099006256902,0.05761904761904764,0.10560320855533614,0.47853841508732814
within,admiral,MLPrandomover,1941.0,136.0,1.0,4.0,0.032687400318979265,0.4,0.9341990246595511,0.06723868237026132,0.060233100233100245,0.10864179088021189,0.47853144741731696
within,admiral,MLP,2077.0,0.0,5.0,0.0,0.0,0.0,0.9976007545086493,0.0,0.0,0.0,0.2204837885544407
within,admiral,MLPADASYN,1948.0,129.0,1.0,4.0,0.03233877233877234,0.4,0.937562108943688,0.0638755980861244,0.05966051492367282,0.1081308940463904,0.4770891397250093
within,pippo,naiveBayesBorderlineSMOTE,66.0,169.0,0.0,5.0,0.027192982456140352,0.5,0.29583333333333334,0.725,0.051547619047619044,0.05619468071857914,0.4717391304347826
within,pippo,naiveBayesSMOTE,66.0,169.0,0.0,5.0,0.027192982456140352,0.5,0.29583333333333334,0.725,0.051547619047619044,0.05619468071857914,0.4717391304347826
within,pippo,naiveBayesrandomover,66.0,169.0,0.0,5.0,0.027192982456140352,0.5,0.29583333333333334,0.725,0.051547619047619044,0.05619468071857914,0.4717391304347826
within,pippo,naiveBayes,235.0,0.0,5.0,0.0,0.0,0.0,0.9791666666666667,0.0,0.0,0.0,0.4717391304347826
within,pippo,decisionTreeBorderlineSMOTE,228.0,7.0,2.0,3.0,0.25,0.3,0.9625,0.041666666666666664,0.26666666666666666,0.2691564074808125,0.4978260869565217
within,pippo,decisionTreeSMOTE,228.0,7.0,2.0,3.0,0.25,0.3,0.9625,0.041666666666666664,0.26666666666666666,0.2691564074808125,0.4978260869565217
within,pippo,decisionTreerandomover,228.0,7.0,0.0,5.0,0.45,0.5,0.9708333333333334,0.05,0.4666666666666666,0.46915640748081244,0.4978260869565217
within,pippo,decisionTree,231.0,4.0,5.0,0.0,0.0,0.0,0.9625000000000001,0.016666666666666666,0.0,0.0,0.4978260869565217
within,pippo,randomForestBorderlineSMOTE,230.0,5.0,2.0,3.0,0.25,0.3,0.9708333333333334,0.03333333333333333,0.26666666666666666,0.2691564074808125,0.4978260869565217
within,pippo,randomForestSMOTE,230.0,5.0,2.0,3.0,0.25,0.3,0.9708333333333334,0.03333333333333333,0.26666666666666666,0.2691564074808125,0.4978260869565217
within,pippo,randomForestrandomover,230.0,5.0,0.0,5.0,0.45,0.5,0.9791666666666666,0.041666666666666664,0.4666666666666666,0.46915640748081244,0.4978260869565217
within,pippo,randomForest,234.0,1.0,5.0,0.0,0.0,0.0,0.9750000000000002,0.004166666666666667,0.0,0.0,0.4978260869565217
within,pippo,SVMBorderlineSMOTE,178.0,57.0,0.0,5.0,0.09595238095238094,0.5,0.7625,0.2583333333333333,0.16023809523809524,0.1965295053031751,0.4717391304347826
within,pippo,SVMSMOTE,178.0,57.0,0.0,5.0,0.09595238095238094,0.5,0.7625,0.2583333333333333,0.16023809523809524,0.1965295053031751,0.4717391304347826
within,pippo,SVMrandomover,178.0,57.0,0.0,5.0,0.09595238095238094,0.5,0.7625,0.2583333333333333,0.16023809523809524,0.1965295053031751,0.47608695652173916
within,pippo,SVM,235.0,0.0,5.0,0.0,0.0,0.0,0.9791666666666667,0.0,0.0,0.0,0.46739130434782616
within,pippo,adaboostBorderlineSMOTE,228.0,7.0,0.0,5.0,0.45,0.5,0.9708333333333334,0.05,0.4666666666666666,0.46915640748081244,0.4978260869565217
within,pippo,adaboostSMOTE,228.0,7.0,0.0,5.0,0.45,0.5,0.9708333333333334,0.05,0.4666666666666666,0.46915640748081244,0.4978260869565217
within,pippo,adaboostrandomover,228.0,7.0,0.0,5.0,0.45,0.5,0.9708333333333334,0.05,0.4666666666666666,0.46915640748081244,0.4978260869565217
within,pippo,adaboost,232.0,3.0,5.0,0.0,0.0,0.0,0.9666666666666668,0.0125,0.0,0.0,0.49782608695652175
within,pippo,MLPBorderlineSMOTE,200.0,35.0,0.0,5.0,0.15,0.5,0.8541666666666667,0.16666666666666666,0.22857142857142856,0.25678666967267894,0.4804347826086956
within,pippo,MLPSMOTE,202.0,33.0,0.0,5.0,0.14166666666666666,0.5,0.8625,0.15833333333333333,0.21857142857142856,0.2482441816479576,0.4804347826086956
within,pippo,MLPrandomover,200.0,35.0,0.0,5.0,0.14166666666666666,0.5,0.8541666666666667,0.16666666666666666,0.21857142857142856,0.2482441816479576,0.47608695652173916
within,pippo,MLP,235.0,0.0,5.0,0.0,0.0,0.0,0.9791666666666667,0.0,0.0,0.0,0.42391304347826086
within,Activiti,naiveBayesBorderlineSMOTE,95.0,106.0,0.0,20.0,0.1670893812070283,1.0,0.5205533596837945,0.5699604743083004,0.28444218320379316,0.2808499461458746,0.8509523809523809
within,Activiti,naiveBayesSMOTE,95.0,106.0,0.0,20.0,0.1670893812070283,1.0,0.5205533596837945,0.5699604743083004,0.28444218320379316,0.2808499461458746,0.848452380952381
within,Activiti,naiveBayesrandomover,94.0,107.0,0.0,20.0,0.1662560478736949,1.0,0.5160079051383398,0.574505928853755,0.28313499366130945,0.2786123938822188,0.845952380952381
within,Activiti,naiveBayes,201.0,0.0,20.0,0.0,0.0,0.0,0.9094861660079049,0.0,0.0,0.0,0.848452380952381
within,Activiti,naiveBayesADASYN,86.0,115.0,0.0,20.0,0.1556227106227106,1.0,0.4804347826086957,0.6100790513833991,0.26767082590612007,0.2580060684312222,0.823452380952381
within,Activiti,decisionTreeBorderlineSMOTE,195.0,6.0,6.0,14.0,0.7,0.7,0.9458498023715416,0.09051383399209487,0.6666666666666667,0.6624152857565535,0.9090476190476192
within,Activiti,decisionTreeSMOTE,196.0,5.0,5.0,15.0,0.85,0.75,0.9549407114624506,0.09051383399209487,0.75,0.7554283976250243,0.9390476190476191
within,Activiti,decisionTreerandomover,192.0,9.0,3.0,17.0,0.7733333333333333,0.85,0.9458498023715416,0.11739130434782608,0.7504761904761905,0.7588349821404522,0.9076785714285714
within,Activiti,decisionTree,197.0,4.0,5.0,15.0,0.7666666666666666,0.75,0.959486166007905,0.0859683794466403,0.73,0.729915489006982,0.9352380952380951
within,Activiti,decisionTreeADASYN,191.0,10.0,6.0,14.0,0.5733333333333333,0.7,0.9276679841897233,0.10869565217391304,0.6004761904761906,0.5888006945966217,0.919047619047619
within,Activiti,randomForestBorderlineSMOTE,198.0,3.0,4.0,16.0,0.9166666666666666,0.8,0.9683794466403162,0.08616600790513834,0.8133333333333332,0.822768877673898,0.9827380952380953
within,Activiti,randomForestSMOTE,198.0,3.0,4.0,16.0,0.9166666666666666,0.8,0.9683794466403162,0.08616600790513834,0.8133333333333332,0.822768877673898,0.9901190476190476
within,Activiti,randomForestnearmissunder1,174.0,27.0,1.0,19.0,0.48880952380952386,0.95,0.8739130434782609,0.2075098814229249,0.616031746031746,0.6189776022125372,0.9657142857142859
within,Activiti,randomForestrandomunder,184.0,17.0,1.0,19.0,0.5866666666666667,0.95,0.9183794466403162,0.16304347826086954,0.6914285714285715,0.6965278264448078,0.9851190476190477
within,Activiti,randomForestrandomover,195.0,6.0,2.0,18.0,0.8333333333333333,0.9,0.9640316205533598,0.108300395256917,0.8266666666666668,0.8315189072577637,0.9664880952380953
within,Activiti,randomForest,197.0,4.0,7.0,13.0,0.7666666666666666,0.65,0.9503952569169961,0.07687747035573123,0.6633333333333333,0.6679286008754528,0.9827380952380953
within,Activiti,randomForestnearmissunder2,175.0,26.0,1.0,19.0,0.45,0.95,0.8782608695652174,0.20355731225296445,0.6028571428571429,0.6014536985021472,0.9667857142857145
within,Activiti,randomForestADASYN,198.0,3.0,6.0,14.0,0.8166666666666667,0.7,0.959288537549407,0.07707509881422925,0.7133333333333334,0.722768877673898,0.9901190476190476
within,Activiti,randomForestnearmissunder3,175.0,26.0,2.0,18.0,0.4716666666666667,0.9,0.8735177865612649,0.1992094861660079,0.5776190476190476,0.5808409611075271,0.9678571428571429
within,Activiti,SVMBorderlineSMOTE,144.0,57.0,1.0,19.0,0.2727777777777778,0.95,0.7377470355731226,0.3436758893280632,0.41510822510822515,0.419863081670096,0.9377380952380951
within,Activiti,SVMSMOTE,145.0,56.0,1.0,19.0,0.27944444444444444,0.95,0.742292490118577,0.3391304347826086,0.42225108225108227,0.42653282266911685,0.9302380952380952
within,Activiti,SVMrandomover,143.0,58.0,1.0,19.0,0.26999999999999996,0.95,0.7332015810276679,0.3482213438735177,0.41147186147186143,0.41603592784669685,0.9327380952380953
within,Activiti,SVM,201.0,0.0,20.0,0.0,0.0,0.0,0.9094861660079049,0.0,0.0,0.0,0.8955952380952381
within,Activiti,SVMADASYN,147.0,54.0,4.0,16.0,0.22564213564213564,0.8,0.7377470355731225,0.316403162055336,0.3415773115773116,0.3287543835160106,0.9002380952380952
within,Activiti,adaboostBorderlineSMOTE,192.0,9.0,2.0,18.0,0.7666666666666666,0.9,0.9503952569169961,0.12193675889328064,0.78,0.786100743332329,0.9852380952380951
within,Activiti,adaboostSMOTE,193.0,8.0,2.0,18.0,0.7833333333333333,0.9,0.9549407114624506,0.11739130434782608,0.7933333333333333,0.7986009465827575,0.9877380952380952
within,Activiti,adaboostrandomover,193.0,8.0,2.0,18.0,0.7666666666666667,0.9,0.9549407114624507,0.11739130434782608,0.7866666666666667,0.7906833924086081,0.9763690476190476
within,Activiti,adaboost,195.0,6.0,8.0,12.0,0.7,0.6,0.9369565217391305,0.08122529644268775,0.6033333333333334,0.6015553162351653,0.966607142857143
within,Activiti,adaboostADASYN,193.0,8.0,4.0,16.0,0.7,0.8,0.9458498023715416,0.108300395256917,0.7066666666666668,0.7042004942397624,0.9852380952380952
within,Activiti,MLPBorderlineSMOTE,177.0,24.0,1.0,19.0,0.4633333333333334,0.95,0.8867588932806324,0.19466403162055335,0.6109523809523809,0.6129862252596285,0.9726190476190475
within,Activiti,MLPSMOTE,177.0,24.0,1.0,19.0,0.4633333333333334,0.95,0.8867588932806324,0.19466403162055335,0.6109523809523809,0.6129862252596285,0.9701190476190475
within,Activiti,MLPrandomover,177.0,24.0,1.0,19.0,0.4633333333333334,0.95,0.8867588932806324,0.19466403162055335,0.6109523809523809,0.6129862252596285,0.9675
within,Activiti,MLP,201.0,0.0,20.0,0.0,0.0,0.0,0.9094861660079049,0.0,0.0,0.0,0.7889285714285715
within,Activiti,MLPADASYN,169.0,32.0,4.0,16.0,0.3271428571428572,0.8,0.8367588932806325,0.21739130434782608,0.45698412698412705,0.4408606237634217,0.9424999999999999
within,aletheia,naiveBayesBorderlineSMOTE,7.0,36.0,0.0,3.0,0.065,0.3,0.22000000000000003,0.8400000000000001,0.10666666666666669,0.025,0.25
within,aletheia,naiveBayesSMOTE,7.0,36.0,0.0,3.0,0.065,0.3,0.22000000000000003,0.8400000000000001,0.10666666666666669,0.025,0.25
within,aletheia,naiveBayesrandomover,7.0,36.0,0.0,3.0,0.065,0.3,0.22000000000000003,0.8400000000000001,0.10666666666666669,0.025,0.25
within,aletheia,naiveBayes,43.0,0.0,3.0,0.0,0.0,0.0,0.9400000000000001,0.0,0.0,0.0,0.25
within,aletheia,naiveBayesADASYN,8.0,35.0,0.0,3.0,0.06999999999999999,0.3,0.24000000000000005,0.82,0.11333333333333333,0.05,0.25
within,aletheia,decisionTreeBorderlineSMOTE,39.0,4.0,0.0,3.0,0.2333333333333333,0.3,0.9099999999999999,0.15,0.25,0.2408248290463863,0.275
within,aletheia,decisionTreeSMOTE,39.0,4.0,0.0,3.0,0.2333333333333333,0.3,0.9099999999999999,0.15,0.25,0.2408248290463863,0.275
within,aletheia,decisionTreerandomover,39.0,4.0,0.0,3.0,0.2333333333333333,0.3,0.9099999999999999,0.15,0.25,0.2408248290463863,0.275
within,aletheia,decisionTree,42.0,1.0,3.0,0.0,0.0,0.0,0.915,0.025,0.0,0.0,0.275
within,aletheia,decisionTreeADASYN,39.0,4.0,0.0,3.0,0.2333333333333333,0.3,0.9099999999999999,0.15,0.25,0.2408248290463863,0.275
within,aletheia,randomForestBorderlineSMOTE,40.0,3.0,0.0,3.0,0.2333333333333333,0.3,0.9349999999999999,0.125,0.25,0.2408248290463863,0.275
within,aletheia,randomForestSMOTE,40.0,3.0,0.0,3.0,0.2333333333333333,0.3,0.9349999999999999,0.125,0.25,0.2408248290463863,0.275
within,aletheia,randomForestrandomover,40.0,3.0,0.0,3.0,0.2333333333333333,0.3,0.9349999999999999,0.125,0.25,0.2408248290463863,0.275
within,aletheia,randomForest,42.0,1.0,3.0,0.0,0.0,0.0,0.915,0.025,0.0,0.0,0.275
within,aletheia,randomForestADASYN,40.0,3.0,0.0,3.0,0.2333333333333333,0.3,0.9349999999999999,0.125,0.25,0.2408248290463863,0.275
within,aletheia,SVMBorderlineSMOTE,24.0,19.0,0.0,3.0,0.09166666666666665,0.3,0.585,0.475,0.13999999999999999,0.10664965809277263,0.25
within,aletheia,SVMSMOTE,24.0,19.0,0.0,3.0,0.09166666666666665,0.3,0.585,0.475,0.13999999999999999,0.10664965809277263,0.25
within,aletheia,SVMrandomover,24.0,19.0,0.0,3.0,0.09166666666666665,0.3,0.585,0.475,0.13999999999999999,0.10664965809277263,0.25
within,aletheia,SVM,43.0,0.0,3.0,0.0,0.0,0.0,0.9400000000000001,0.0,0.0,0.0,0.25
within,aletheia,SVMADASYN,24.0,19.0,0.0,3.0,0.09166666666666665,0.3,0.585,0.475,0.13999999999999999,0.10664965809277263,0.25
within,aletheia,adaboostBorderlineSMOTE,40.0,3.0,0.0,3.0,0.2333333333333333,0.3,0.9349999999999999,0.125,0.25,0.2408248290463863,0.275
within,aletheia,adaboostSMOTE,40.0,3.0,0.0,3.0,0.2333333333333333,0.3,0.9349999999999999,0.125,0.25,0.2408248290463863,0.275
within,aletheia,adaboostrandomover,40.0,3.0,0.0,3.0,0.2333333333333333,0.3,0.9349999999999999,0.125,0.25,0.2408248290463863,0.275
within,aletheia,adaboost,40.0,3.0,2.0,1.0,0.03333333333333333,0.1,0.8949999999999999,0.08499999999999999,0.05,0.040824829046386304,0.275
within,aletheia,adaboostADASYN,40.0,3.0,0.0,3.0,0.2333333333333333,0.3,0.9349999999999999,0.125,0.25,0.2408248290463863,0.275
within,aletheia,MLPBorderlineSMOTE,26.0,17.0,0.0,3.0,0.10833333333333332,0.3,0.635,0.425,0.15666666666666668,0.12706207261596575,0.25
within,aletheia,MLPSMOTE,26.0,17.0,0.0,3.0,0.10833333333333332,0.3,0.635,0.425,0.15666666666666668,0.12706207261596575,0.25
within,aletheia,MLPrandomover,26.0,17.0,0.0,3.0,0.10833333333333332,0.3,0.635,0.425,0.15666666666666668,0.12706207261596575,0.25
within,aletheia,MLP,43.0,0.0,3.0,0.0,0.0,0.0,0.9400000000000001,0.0,0.0,0.0,0.2
within,aletheia,MLPADASYN,26.0,17.0,0.0,3.0,0.10833333333333332,0.3,0.635,0.425,0.15666666666666668,0.12706207261596575,0.25